GEO_ID,NAME,zip,,P001001
8710000US4215364,ZCTA5,15364, Pennsylvania,869
8710000US4215366,ZCTA5,15366, Pennsylvania,164
8710000US4215361,ZCTA5,15361, Pennsylvania,151
8710000US4215362,ZCTA5,15362, Pennsylvania,767
8710000US4215367,ZCTA5,15367, Pennsylvania,8731
8710000US4215368,ZCTA5,15368, Pennsylvania,473
8710000US4215370,ZCTA5,15370, Pennsylvania,14870
8710000US4215376,ZCTA5,15376, Pennsylvania,1740
8710000US4215377,ZCTA5,15377, Pennsylvania,724
8710000US4215378,ZCTA5,15378, Pennsylvania,106
8710000US4215379,ZCTA5,15379, Pennsylvania,132
8710000US4215380,ZCTA5,15380, Pennsylvania,719
8710000US4215401,ZCTA5,15401, Pennsylvania,32288
8710000US4215410,ZCTA5,15410, Pennsylvania,905
8710000US4215411,ZCTA5,15411, Pennsylvania,661
8710000US4215412,ZCTA5,15412, Pennsylvania,470
8710000US4215413,ZCTA5,15413, Pennsylvania,551
8710000US4215417,ZCTA5,15417, Pennsylvania,9469
8710000US4215419,ZCTA5,15419, Pennsylvania,4492
8710000US4215420,ZCTA5,15420, Pennsylvania,251
8710000US4215421,ZCTA5,15421, Pennsylvania,112
8710000US4215422,ZCTA5,15422, Pennsylvania,220
8710000US4215423,ZCTA5,15423, Pennsylvania,1781
8710000US4215424,ZCTA5,15424, Pennsylvania,2489
8710000US4215425,ZCTA5,15425, Pennsylvania,19270
8710000US4215427,ZCTA5,15427, Pennsylvania,1091
8710000US4215428,ZCTA5,15428, Pennsylvania,1806
8710000US4215429,ZCTA5,15429, Pennsylvania,126
8710000US4215430,ZCTA5,15430, Pennsylvania,314
8710000US4215431,ZCTA5,15431, Pennsylvania,4744
8710000US4215432,ZCTA5,15432, Pennsylvania,427
8710000US4215433,ZCTA5,15433, Pennsylvania,741
8710000US4215434,ZCTA5,15434, Pennsylvania,313
8710000US4215435,ZCTA5,15435, Pennsylvania,437
8710000US4215436,ZCTA5,15436, Pennsylvania,2740
8710000US4215437,ZCTA5,15437, Pennsylvania,2573
8710000US4215443,ZCTA5,15443, Pennsylvania,377
8710000US4215438,ZCTA5,15438, Pennsylvania,2221
8710000US4215440,ZCTA5,15440, Pennsylvania,349
8710000US4215442,ZCTA5,15442, Pennsylvania,2105
8710000US4215444,ZCTA5,15444, Pennsylvania,517
8710000US4215445,ZCTA5,15445, Pennsylvania,2693
8710000US4215446,ZCTA5,15446, Pennsylvania,324
8710000US4215447,ZCTA5,15447, Pennsylvania,181
8710000US4215448,ZCTA5,15448, Pennsylvania,192
8710000US4215449,ZCTA5,15449, Pennsylvania,184
8710000US4215450,ZCTA5,15450, Pennsylvania,2323
8710000US4215451,ZCTA5,15451, Pennsylvania,955
8710000US4215454,ZCTA5,15454, Pennsylvania,237
8710000US4215455,ZCTA5,15455, Pennsylvania,298
8710000US4215456,ZCTA5,15456, Pennsylvania,2976
8710000US4215458,ZCTA5,15458, Pennsylvania,2379
8710000US4215459,ZCTA5,15459, Pennsylvania,1763
8710000US4215460,ZCTA5,15460, Pennsylvania,120
8710000US4215461,ZCTA5,15461, Pennsylvania,4333
8710000US4215462,ZCTA5,15462, Pennsylvania,398
8710000US4215463,ZCTA5,15463, Pennsylvania,64
8710000US4215464,ZCTA5,15464, Pennsylvania,1536
8710000US4215466,ZCTA5,15466, Pennsylvania,458
8710000US4215467,ZCTA5,15467, Pennsylvania,141
8710000US4215468,ZCTA5,15468, Pennsylvania,2303
8710000US4215469,ZCTA5,15469, Pennsylvania,2331
8710000US4217842,ZCTA5,17842, Pennsylvania,8910
8710000US4217837,ZCTA5,17837, Pennsylvania,19815
8710000US4217840,ZCTA5,17840, Pennsylvania,533
8710000US4217841,ZCTA5,17841, Pennsylvania,4779
8710000US4217844,ZCTA5,17844, Pennsylvania,10042
8710000US4217845,ZCTA5,17845, Pennsylvania,2245
8710000US4217846,ZCTA5,17846, Pennsylvania,3738
8710000US4217847,ZCTA5,17847, Pennsylvania,12051
8710000US4217850,ZCTA5,17850, Pennsylvania,645
8710000US4217851,ZCTA5,17851, Pennsylvania,7841
8710000US4217853,ZCTA5,17853, Pennsylvania,3221
8710000US4217855,ZCTA5,17855, Pennsylvania,992
8710000US4217856,ZCTA5,17856, Pennsylvania,3365
8710000US4217857,ZCTA5,17857, Pennsylvania,7505
8710000US4217859,ZCTA5,17859, Pennsylvania,3106
8710000US4217860,ZCTA5,17860, Pennsylvania,1994
8710000US4217861,ZCTA5,17861, Pennsylvania,143
8710000US4217862,ZCTA5,17862, Pennsylvania,577
8710000US4217864,ZCTA5,17864, Pennsylvania,2445
8710000US4217865,ZCTA5,17865, Pennsylvania,92
8710000US4217866,ZCTA5,17866, Pennsylvania,10310
8710000US4217867,ZCTA5,17867, Pennsylvania,169
8710000US4217868,ZCTA5,17868, Pennsylvania,1052
8710000US4217870,ZCTA5,17870, Pennsylvania,14564
8710000US4217872,ZCTA5,17872, Pennsylvania,9943
8710000US4217876,ZCTA5,17876, Pennsylvania,1698
8710000US4217878,ZCTA5,17878, Pennsylvania,1528
8710000US4217880,ZCTA5,17880, Pennsylvania,72
8710000US4217881,ZCTA5,17881, Pennsylvania,1556
8710000US4217884,ZCTA5,17884, Pennsylvania,305
8710000US4217885,ZCTA5,17885, Pennsylvania,141
8710000US4217886,ZCTA5,17886, Pennsylvania,895
8710000US4217887,ZCTA5,17887, Pennsylvania,1778
8710000US4217888,ZCTA5,17888, Pennsylvania,326
8710000US4217889,ZCTA5,17889, Pennsylvania,2735
8710000US4217901,ZCTA5,17901, Pennsylvania,23990
8710000US4217920,ZCTA5,17920, Pennsylvania,331
8710000US4217921,ZCTA5,17921, Pennsylvania,7676
8710000US4217922,ZCTA5,17922, Pennsylvania,4783
8710000US4217923,ZCTA5,17923, Pennsylvania,433
8710000US4217930,ZCTA5,17930, Pennsylvania,476
8710000US4217931,ZCTA5,17931, Pennsylvania,8472
8710000US4217925,ZCTA5,17925, Pennsylvania,376
8710000US4217929,ZCTA5,17929, Pennsylvania,1606
8710000US4217933,ZCTA5,17933, Pennsylvania,89
8710000US4217934,ZCTA5,17934, Pennsylvania,469
8710000US4217935,ZCTA5,17935, Pennsylvania,1737
8710000US4217936,ZCTA5,17936, Pennsylvania,763
8710000US4217938,ZCTA5,17938, Pennsylvania,2442
8710000US4217941,ZCTA5,17941, Pennsylvania,834
8710000US4217943,ZCTA5,17943, Pennsylvania,229
8710000US4217944,ZCTA5,17944, Pennsylvania,205
8710000US4217945,ZCTA5,17945, Pennsylvania,180
8710000US4217946,ZCTA5,17946, Pennsylvania,263
8710000US4217948,ZCTA5,17948, Pennsylvania,5029
8710000US4217949,ZCTA5,17949, Pennsylvania,263
8710000US4217951,ZCTA5,17951, Pennsylvania,325
8710000US4217952,ZCTA5,17952, Pennsylvania,282
8710000US4217953,ZCTA5,17953, Pennsylvania,469
8710000US4217954,ZCTA5,17954, Pennsylvania,4564
8710000US4217957,ZCTA5,17957, Pennsylvania,328
8710000US4217959,ZCTA5,17959, Pennsylvania,1422
8710000US4215222,ZCTA5,15222, Pennsylvania,3294
8710000US4215223,ZCTA5,15223, Pennsylvania,7236
8710000US4215224,ZCTA5,15224, Pennsylvania,10141
8710000US4215225,ZCTA5,15225, Pennsylvania,1084
8710000US4215226,ZCTA5,15226, Pennsylvania,13974
8710000US4215227,ZCTA5,15227, Pennsylvania,28156
8710000US4215228,ZCTA5,15228, Pennsylvania,17595
8710000US4215229,ZCTA5,15229, Pennsylvania,13825
8710000US4215232,ZCTA5,15232, Pennsylvania,11374
8710000US4215233,ZCTA5,15233, Pennsylvania,4451
8710000US4215234,ZCTA5,15234, Pennsylvania,14056
8710000US4215235,ZCTA5,15235, Pennsylvania,34580
8710000US4215236,ZCTA5,15236, Pennsylvania,29724
8710000US4215237,ZCTA5,15237, Pennsylvania,41895
8710000US4215243,ZCTA5,15243, Pennsylvania,13406
8710000US4215238,ZCTA5,15238, Pennsylvania,13162
8710000US4215239,ZCTA5,15239, Pennsylvania,21024
8710000US4215241,ZCTA5,15241, Pennsylvania,20395
8710000US4215260,ZCTA5,15260, Pennsylvania,0
8710000US4215290,ZCTA5,15290, Pennsylvania,0
8710000US4215301,ZCTA5,15301, Pennsylvania,49331
8710000US4215310,ZCTA5,15310, Pennsylvania,290
8710000US4215311,ZCTA5,15311, Pennsylvania,1391
8710000US4215312,ZCTA5,15312, Pennsylvania,3579
8710000US4215313,ZCTA5,15313, Pennsylvania,377
8710000US4215314,ZCTA5,15314, Pennsylvania,3788
8710000US4215315,ZCTA5,15315, Pennsylvania,776
8710000US4215316,ZCTA5,15316, Pennsylvania,131
8710000US4215317,ZCTA5,15317, Pennsylvania,36535
8710000US4215320,ZCTA5,15320, Pennsylvania,5384
8710000US4215321,ZCTA5,15321, Pennsylvania,1676
8710000US4215322,ZCTA5,15322, Pennsylvania,2018
8710000US4215323,ZCTA5,15323, Pennsylvania,4542
8710000US4215324,ZCTA5,15324, Pennsylvania,632
8710000US4215325,ZCTA5,15325, Pennsylvania,439
8710000US4215327,ZCTA5,15327, Pennsylvania,1527
8710000US4215329,ZCTA5,15329, Pennsylvania,1709
8710000US4215330,ZCTA5,15330, Pennsylvania,5299
8710000US4215331,ZCTA5,15331, Pennsylvania,1090
8710000US4215332,ZCTA5,15332, Pennsylvania,8148
8710000US4215333,ZCTA5,15333, Pennsylvania,2150
8710000US4215334,ZCTA5,15334, Pennsylvania,113
8710000US4215337,ZCTA5,15337, Pennsylvania,744
8710000US4215338,ZCTA5,15338, Pennsylvania,1606
8710000US4215340,ZCTA5,15340, Pennsylvania,1469
8710000US4215345,ZCTA5,15345, Pennsylvania,1642
8710000US4215341,ZCTA5,15341, Pennsylvania,869
8710000US4215342,ZCTA5,15342, Pennsylvania,4818
8710000US4215344,ZCTA5,15344, Pennsylvania,1450
8710000US4215346,ZCTA5,15346, Pennsylvania,749
8710000US4215347,ZCTA5,15347, Pennsylvania,582
8710000US4215348,ZCTA5,15348, Pennsylvania,283
8710000US4215349,ZCTA5,15349, Pennsylvania,1737
8710000US4215350,ZCTA5,15350, Pennsylvania,425
8710000US4215351,ZCTA5,15351, Pennsylvania,901
8710000US4215352,ZCTA5,15352, Pennsylvania,987
8710000US4215353,ZCTA5,15353, Pennsylvania,64
8710000US4215357,ZCTA5,15357, Pennsylvania,1661
8710000US4215358,ZCTA5,15358, Pennsylvania,923
8710000US4215359,ZCTA5,15359, Pennsylvania,174
8710000US4215363,ZCTA5,15363, Pennsylvania,760
8710000US4215360,ZCTA5,15360, Pennsylvania,1731
8710000US4217584,ZCTA5,17584, Pennsylvania,8957
8710000US4217606,ZCTA5,17606, Pennsylvania,392
8710000US4217601,ZCTA5,17601, Pennsylvania,49779
8710000US4217602,ZCTA5,17602, Pennsylvania,52452
8710000US4217603,ZCTA5,17603, Pennsylvania,61973
8710000US4217701,ZCTA5,17701, Pennsylvania,44661
8710000US4217702,ZCTA5,17702, Pennsylvania,10721
8710000US4217721,ZCTA5,17721, Pennsylvania,1604
8710000US4217723,ZCTA5,17723, Pennsylvania,34
8710000US4217724,ZCTA5,17724, Pennsylvania,5424
8710000US4217727,ZCTA5,17727, Pennsylvania,72
8710000US4217728,ZCTA5,17728, Pennsylvania,5120
8710000US4217729,ZCTA5,17729, Pennsylvania,159
8710000US4217730,ZCTA5,17730, Pennsylvania,257
8710000US4217731,ZCTA5,17731, Pennsylvania,185
8710000US4217737,ZCTA5,17737, Pennsylvania,6220
8710000US4217739,ZCTA5,17739, Pennsylvania,32
8710000US4217740,ZCTA5,17740, Pennsylvania,12754
8710000US4217742,ZCTA5,17742, Pennsylvania,39
8710000US4217744,ZCTA5,17744, Pennsylvania,3175
8710000US4217745,ZCTA5,17745, Pennsylvania,19063
8710000US4217747,ZCTA5,17747, Pennsylvania,3073
8710000US4217748,ZCTA5,17748, Pennsylvania,300
8710000US4217749,ZCTA5,17749, Pennsylvania,244
8710000US4217750,ZCTA5,17750, Pennsylvania,167
8710000US4217751,ZCTA5,17751, Pennsylvania,7084
8710000US4217752,ZCTA5,17752, Pennsylvania,4635
8710000US4217754,ZCTA5,17754, Pennsylvania,12233
8710000US4217756,ZCTA5,17756, Pennsylvania,12408
8710000US4217758,ZCTA5,17758, Pennsylvania,919
8710000US4217760,ZCTA5,17760, Pennsylvania,557
8710000US4217762,ZCTA5,17762, Pennsylvania,503
8710000US4217763,ZCTA5,17763, Pennsylvania,309
8710000US4217764,ZCTA5,17764, Pennsylvania,2327
8710000US4217765,ZCTA5,17765, Pennsylvania,1162
8710000US4217767,ZCTA5,17767, Pennsylvania,91
8710000US4217768,ZCTA5,17768, Pennsylvania,377
8710000US4217771,ZCTA5,17771, Pennsylvania,3158
8710000US4217772,ZCTA5,17772, Pennsylvania,2399
8710000US4217774,ZCTA5,17774, Pennsylvania,1277
8710000US4217776,ZCTA5,17776, Pennsylvania,295
8710000US4217777,ZCTA5,17777, Pennsylvania,7056
8710000US4217778,ZCTA5,17778, Pennsylvania,102
8710000US4217779,ZCTA5,17779, Pennsylvania,235
8710000US4217801,ZCTA5,17801, Pennsylvania,16671
8710000US4217810,ZCTA5,17810, Pennsylvania,4683
8710000US4217812,ZCTA5,17812, Pennsylvania,1480
8710000US4217813,ZCTA5,17813, Pennsylvania,1979
8710000US4217814,ZCTA5,17814, Pennsylvania,4860
8710000US4217815,ZCTA5,17815, Pennsylvania,30967
8710000US4217823,ZCTA5,17823, Pennsylvania,1273
8710000US4217820,ZCTA5,17820, Pennsylvania,5556
8710000US4217821,ZCTA5,17821, Pennsylvania,18219
8710000US4217822,ZCTA5,17822, Pennsylvania,0
8710000US4217824,ZCTA5,17824, Pennsylvania,4115
8710000US4217827,ZCTA5,17827, Pennsylvania,657
8710000US4217829,ZCTA5,17829, Pennsylvania,244
8710000US4217835,ZCTA5,17835, Pennsylvania,219
8710000US4217830,ZCTA5,17830, Pennsylvania,1947
8710000US4217832,ZCTA5,17832, Pennsylvania,628
8710000US4217834,ZCTA5,17834, Pennsylvania,3565
8710000US4217836,ZCTA5,17836, Pennsylvania,266
8710000US4216941,ZCTA5,16941, Pennsylvania,69
8710000US4216942,ZCTA5,16942, Pennsylvania,847
8710000US4216943,ZCTA5,16943, Pennsylvania,549
8710000US4216950,ZCTA5,16950, Pennsylvania,3378
8710000US4216946,ZCTA5,16946, Pennsylvania,2484
8710000US4216947,ZCTA5,16947, Pennsylvania,4818
8710000US4216948,ZCTA5,16948, Pennsylvania,1634
8710000US4217005,ZCTA5,17005, Pennsylvania,368
8710000US4217002,ZCTA5,17002, Pennsylvania,784
8710000US4217003,ZCTA5,17003, Pennsylvania,11720
8710000US4217004,ZCTA5,17004, Pennsylvania,5000
8710000US4217006,ZCTA5,17006, Pennsylvania,1052
8710000US4217007,ZCTA5,17007, Pennsylvania,5591
8710000US4217009,ZCTA5,17009, Pennsylvania,2007
8710000US4217010,ZCTA5,17010, Pennsylvania,182
8710000US4217011,ZCTA5,17011, Pennsylvania,34586
8710000US4217013,ZCTA5,17013, Pennsylvania,34575
8710000US4217018,ZCTA5,17018, Pennsylvania,4313
8710000US4217015,ZCTA5,17015, Pennsylvania,20798
8710000US4217016,ZCTA5,17016, Pennsylvania,799
8710000US4217017,ZCTA5,17017, Pennsylvania,1755
8710000US4217022,ZCTA5,17022, Pennsylvania,29602
8710000US4217019,ZCTA5,17019, Pennsylvania,17721
8710000US4217020,ZCTA5,17020, Pennsylvania,9047
8710000US4217021,ZCTA5,17021, Pennsylvania,1088
8710000US4217023,ZCTA5,17023, Pennsylvania,3535
8710000US4217024,ZCTA5,17024, Pennsylvania,1893
8710000US4217025,ZCTA5,17025, Pennsylvania,16778
8710000US4217026,ZCTA5,17026, Pennsylvania,3616
8710000US4217027,ZCTA5,17027, Pennsylvania,2141
8710000US4217028,ZCTA5,17028, Pennsylvania,3720
8710000US4217029,ZCTA5,17029, Pennsylvania,371
8710000US4217030,ZCTA5,17030, Pennsylvania,832
8710000US4217032,ZCTA5,17032, Pennsylvania,8192
8710000US4217033,ZCTA5,17033, Pennsylvania,16972
8710000US4217034,ZCTA5,17034, Pennsylvania,2414
8710000US4217035,ZCTA5,17035, Pennsylvania,839
8710000US4217036,ZCTA5,17036, Pennsylvania,21913
8710000US4217037,ZCTA5,17037, Pennsylvania,1126
8710000US4217038,ZCTA5,17038, Pennsylvania,8219
8710000US4217039,ZCTA5,17039, Pennsylvania,37
8710000US4217040,ZCTA5,17040, Pennsylvania,2787
8710000US4217041,ZCTA5,17041, Pennsylvania,213
8710000US4217042,ZCTA5,17042, Pennsylvania,37133
8710000US4217043,ZCTA5,17043, Pennsylvania,5957
8710000US4217044,ZCTA5,17044, Pennsylvania,21209
8710000US4217045,ZCTA5,17045, Pennsylvania,3350
8710000US4217046,ZCTA5,17046, Pennsylvania,29790
8710000US4218612,ZCTA5,18612, Pennsylvania,18051
8710000US4218614,ZCTA5,18614, Pennsylvania,2426
8710000US4218615,ZCTA5,18615, Pennsylvania,1867
8710000US4218616,ZCTA5,18616, Pennsylvania,738
8710000US4218617,ZCTA5,18617, Pennsylvania,1924
8710000US4218618,ZCTA5,18618, Pennsylvania,3793
8710000US4218619,ZCTA5,18619, Pennsylvania,273
8710000US4218621,ZCTA5,18621, Pennsylvania,6248
8710000US4218622,ZCTA5,18622, Pennsylvania,257
8710000US4218623,ZCTA5,18623, Pennsylvania,2733
8710000US4218624,ZCTA5,18624, Pennsylvania,718
8710000US4218625,ZCTA5,18625, Pennsylvania,491
8710000US4218626,ZCTA5,18626, Pennsylvania,516
8710000US4218628,ZCTA5,18628, Pennsylvania,192
8710000US4218629,ZCTA5,18629, Pennsylvania,1801
8710000US4218630,ZCTA5,18630, Pennsylvania,3556
8710000US4218631,ZCTA5,18631, Pennsylvania,1286
8710000US4218632,ZCTA5,18632, Pennsylvania,409
8710000US4218634,ZCTA5,18634, Pennsylvania,13569
8710000US4218635,ZCTA5,18635, Pennsylvania,3881
8710000US4218636,ZCTA5,18636, Pennsylvania,1438
8710000US4218640,ZCTA5,18640, Pennsylvania,17155
8710000US4218641,ZCTA5,18641, Pennsylvania,6812
8710000US4218642,ZCTA5,18642, Pennsylvania,4345
8710000US4218643,ZCTA5,18643, Pennsylvania,12908
8710000US4218644,ZCTA5,18644, Pennsylvania,7546
8710000US4218651,ZCTA5,18651, Pennsylvania,8880
8710000US4217047,ZCTA5,17047, Pennsylvania,2526
8710000US4217048,ZCTA5,17048, Pennsylvania,4046
8710000US4217049,ZCTA5,17049, Pennsylvania,3360
8710000US4217050,ZCTA5,17050, Pennsylvania,32815
8710000US4217051,ZCTA5,17051, Pennsylvania,4653
8710000US4217052,ZCTA5,17052, Pennsylvania,1635
8710000US4217053,ZCTA5,17053, Pennsylvania,5001
8710000US4217055,ZCTA5,17055, Pennsylvania,34237
8710000US4217056,ZCTA5,17056, Pennsylvania,128
8710000US4217057,ZCTA5,17057, Pennsylvania,21329
8710000US4217058,ZCTA5,17058, Pennsylvania,1909
8710000US4217059,ZCTA5,17059, Pennsylvania,7579
8710000US4217060,ZCTA5,17060, Pennsylvania,1334
8710000US4217061,ZCTA5,17061, Pennsylvania,7157
8710000US4215003,ZCTA5,15003, Pennsylvania,11861
8710000US4215004,ZCTA5,15004, Pennsylvania,351
8710000US4215005,ZCTA5,15005, Pennsylvania,9450
8710000US4215006,ZCTA5,15006, Pennsylvania,240
8710000US4215007,ZCTA5,15007, Pennsylvania,323
8710000US4215009,ZCTA5,15009, Pennsylvania,15082
8710000US4215010,ZCTA5,15010, Pennsylvania,28425
8710000US4215012,ZCTA5,15012, Pennsylvania,15905
8710000US4215014,ZCTA5,15014, Pennsylvania,3184
8710000US4215015,ZCTA5,15015, Pennsylvania,1175
8710000US4215017,ZCTA5,15017, Pennsylvania,16213
8710000US4215018,ZCTA5,15018, Pennsylvania,821
8710000US4215019,ZCTA5,15019, Pennsylvania,1719
8710000US4215020,ZCTA5,15020, Pennsylvania,231
8710000US4215021,ZCTA5,15021, Pennsylvania,7352
8710000US4215022,ZCTA5,15022, Pennsylvania,10340
8710000US4215024,ZCTA5,15024, Pennsylvania,9029
8710000US4215025,ZCTA5,15025, Pennsylvania,15944
8710000US4215026,ZCTA5,15026, Pennsylvania,3390
8710000US4215027,ZCTA5,15027, Pennsylvania,2201
8710000US4215470,ZCTA5,15470, Pennsylvania,982
8710000US4215472,ZCTA5,15472, Pennsylvania,306
8710000US4215473,ZCTA5,15473, Pennsylvania,3862
8710000US4215474,ZCTA5,15474, Pennsylvania,2049
8710000US4215475,ZCTA5,15475, Pennsylvania,1356
8710000US4215476,ZCTA5,15476, Pennsylvania,157
8710000US4215477,ZCTA5,15477, Pennsylvania,855
8710000US4215478,ZCTA5,15478, Pennsylvania,6446
8710000US4215479,ZCTA5,15479, Pennsylvania,2113
8710000US4215480,ZCTA5,15480, Pennsylvania,1946
8710000US4215482,ZCTA5,15482, Pennsylvania,604
8710000US4215483,ZCTA5,15483, Pennsylvania,513
8710000US4215484,ZCTA5,15484, Pennsylvania,328
8710000US4215486,ZCTA5,15486, Pennsylvania,2303
8710000US4215492,ZCTA5,15492, Pennsylvania,108
8710000US4215501,ZCTA5,15501, Pennsylvania,16861
8710000US4215489,ZCTA5,15489, Pennsylvania,389
8710000US4215490,ZCTA5,15490, Pennsylvania,628
8710000US4215502,ZCTA5,15502, Pennsylvania,191
8710000US4215510,ZCTA5,15510, Pennsylvania,2229
8710000US4215520,ZCTA5,15520, Pennsylvania,293
8710000US4215521,ZCTA5,15521, Pennsylvania,1872
8710000US4215522,ZCTA5,15522, Pennsylvania,12036
8710000US4215530,ZCTA5,15530, Pennsylvania,5368
8710000US4215531,ZCTA5,15531, Pennsylvania,3861
8710000US4215532,ZCTA5,15532, Pennsylvania,142
8710000US4215533,ZCTA5,15533, Pennsylvania,1370
8710000US4215534,ZCTA5,15534, Pennsylvania,932
8710000US4215535,ZCTA5,15535, Pennsylvania,2203
8710000US4215536,ZCTA5,15536, Pennsylvania,459
8710000US4215537,ZCTA5,15537, Pennsylvania,7952
8710000US4215538,ZCTA5,15538, Pennsylvania,824
8710000US4216133,ZCTA5,16133, Pennsylvania,1573
8710000US4216134,ZCTA5,16134, Pennsylvania,3886
8710000US4216136,ZCTA5,16136, Pennsylvania,801
8710000US4216137,ZCTA5,16137, Pennsylvania,12941
8710000US4216140,ZCTA5,16140, Pennsylvania,123
8710000US4216141,ZCTA5,16141, Pennsylvania,1806
8710000US4216142,ZCTA5,16142, Pennsylvania,7056
8710000US4216143,ZCTA5,16143, Pennsylvania,2901
8710000US4216145,ZCTA5,16145, Pennsylvania,2726
8710000US4216146,ZCTA5,16146, Pennsylvania,14040
8710000US4216153,ZCTA5,16153, Pennsylvania,2624
8710000US4216148,ZCTA5,16148, Pennsylvania,16959
8710000US4216150,ZCTA5,16150, Pennsylvania,7426
8710000US4216151,ZCTA5,16151, Pennsylvania,77
8710000US4216154,ZCTA5,16154, Pennsylvania,2492
8710000US4216155,ZCTA5,16155, Pennsylvania,103
8710000US4216156,ZCTA5,16156, Pennsylvania,3319
8710000US4216157,ZCTA5,16157, Pennsylvania,3477
8710000US4216159,ZCTA5,16159, Pennsylvania,4706
8710000US4216160,ZCTA5,16160, Pennsylvania,864
8710000US4216161,ZCTA5,16161, Pennsylvania,644
8710000US4216201,ZCTA5,16201, Pennsylvania,18214
8710000US4215028,ZCTA5,15028, Pennsylvania,142
8710000US4215030,ZCTA5,15030, Pennsylvania,1128
8710000US4215031,ZCTA5,15031, Pennsylvania,513
8710000US4215033,ZCTA5,15033, Pennsylvania,4910
8710000US4215034,ZCTA5,15034, Pennsylvania,1792
8710000US4215042,ZCTA5,15042, Pennsylvania,8105
8710000US4215035,ZCTA5,15035, Pennsylvania,2129
8710000US4215037,ZCTA5,15037, Pennsylvania,10894
8710000US4215038,ZCTA5,15038, Pennsylvania,325
8710000US4215043,ZCTA5,15043, Pennsylvania,2458
8710000US4215044,ZCTA5,15044, Pennsylvania,27049
8710000US4215045,ZCTA5,15045, Pennsylvania,4483
8710000US4215046,ZCTA5,15046, Pennsylvania,2640
8710000US4215047,ZCTA5,15047, Pennsylvania,151
8710000US4215049,ZCTA5,15049, Pennsylvania,895
8710000US4215050,ZCTA5,15050, Pennsylvania,2431
8710000US4215051,ZCTA5,15051, Pennsylvania,461
8710000US4215052,ZCTA5,15052, Pennsylvania,3483
8710000US4215053,ZCTA5,15053, Pennsylvania,154
8710000US4215054,ZCTA5,15054, Pennsylvania,375
8710000US4215055,ZCTA5,15055, Pennsylvania,1360
8710000US4215056,ZCTA5,15056, Pennsylvania,1140
8710000US4215062,ZCTA5,15062, Pennsylvania,7731
8710000US4215001,ZCTA5,15001, Pennsylvania,31964
8710000US4215057,ZCTA5,15057, Pennsylvania,13930
8710000US4215059,ZCTA5,15059, Pennsylvania,4193
8710000US4215060,ZCTA5,15060, Pennsylvania,790
8710000US4215061,ZCTA5,15061, Pennsylvania,12799
8710000US4215063,ZCTA5,15063, Pennsylvania,11677
8710000US4215064,ZCTA5,15064, Pennsylvania,382
8710000US4215065,ZCTA5,15065, Pennsylvania,11588
8710000US4215066,ZCTA5,15066, Pennsylvania,12785
8710000US4215067,ZCTA5,15067, Pennsylvania,2281
8710000US4215068,ZCTA5,15068, Pennsylvania,38785
8710000US4215071,ZCTA5,15071, Pennsylvania,9956
8710000US4215072,ZCTA5,15072, Pennsylvania,101
8710000US4215074,ZCTA5,15074, Pennsylvania,8874
8710000US4217237,ZCTA5,17237, Pennsylvania,1917
8710000US4217238,ZCTA5,17238, Pennsylvania,1794
8710000US4217239,ZCTA5,17239, Pennsylvania,203
8710000US4217240,ZCTA5,17240, Pennsylvania,3345
8710000US4217241,ZCTA5,17241, Pennsylvania,11853
8710000US4217243,ZCTA5,17243, Pennsylvania,1329
8710000US4217244,ZCTA5,17244, Pennsylvania,2407
8710000US4217246,ZCTA5,17246, Pennsylvania,195
8710000US4217247,ZCTA5,17247, Pennsylvania,366
8710000US4217249,ZCTA5,17249, Pennsylvania,371
8710000US4217253,ZCTA5,17253, Pennsylvania,337
8710000US4217250,ZCTA5,17250, Pennsylvania,68
8710000US4217251,ZCTA5,17251, Pennsylvania,158
8710000US4217252,ZCTA5,17252, Pennsylvania,3608
8710000US4217254,ZCTA5,17254, Pennsylvania,89
8710000US4217255,ZCTA5,17255, Pennsylvania,1125
8710000US4217256,ZCTA5,17256, Pennsylvania,91
8710000US4217257,ZCTA5,17257, Pennsylvania,27996
8710000US4217260,ZCTA5,17260, Pennsylvania,1164
8710000US4217261,ZCTA5,17261, Pennsylvania,193
8710000US4217262,ZCTA5,17262, Pennsylvania,1462
8710000US4217263,ZCTA5,17263, Pennsylvania,467
8710000US4217264,ZCTA5,17264, Pennsylvania,2305
8710000US4217268,ZCTA5,17268, Pennsylvania,28285
8710000US4217265,ZCTA5,17265, Pennsylvania,496
8710000US4217266,ZCTA5,17266, Pennsylvania,581
8710000US4217267,ZCTA5,17267, Pennsylvania,2810
8710000US4215539,ZCTA5,15539, Pennsylvania,498
8710000US4215540,ZCTA5,15540, Pennsylvania,290
8710000US4215541,ZCTA5,15541, Pennsylvania,3721
8710000US4215542,ZCTA5,15542, Pennsylvania,1175
8710000US4215544,ZCTA5,15544, Pennsylvania,264
8710000US4215545,ZCTA5,15545, Pennsylvania,2879
8710000US4215546,ZCTA5,15546, Pennsylvania,386
8710000US4215547,ZCTA5,15547, Pennsylvania,504
8710000US4215550,ZCTA5,15550, Pennsylvania,1699
8710000US4215551,ZCTA5,15551, Pennsylvania,860
8710000US4215552,ZCTA5,15552, Pennsylvania,6115
8710000US4215554,ZCTA5,15554, Pennsylvania,2553
8710000US4215555,ZCTA5,15555, Pennsylvania,112
8710000US4215557,ZCTA5,15557, Pennsylvania,3684
8710000US4215561,ZCTA5,15561, Pennsylvania,168
8710000US4215558,ZCTA5,15558, Pennsylvania,2126
8710000US4215559,ZCTA5,15559, Pennsylvania,1968
8710000US4215560,ZCTA5,15560, Pennsylvania,175
8710000US4215562,ZCTA5,15562, Pennsylvania,201
8710000US4215563,ZCTA5,15563, Pennsylvania,3345
8710000US4215564,ZCTA5,15564, Pennsylvania,50
8710000US4215601,ZCTA5,15601, Pennsylvania,59483
8710000US4215610,ZCTA5,15610, Pennsylvania,3738
8710000US4215611,ZCTA5,15611, Pennsylvania,543
8710000US4215612,ZCTA5,15612, Pennsylvania,474
8710000US4215613,ZCTA5,15613, Pennsylvania,13933
8710000US4215615,ZCTA5,15615, Pennsylvania,387
8710000US4215616,ZCTA5,15616, Pennsylvania,23
8710000US4215617,ZCTA5,15617, Pennsylvania,367
8710000US4215618,ZCTA5,15618, Pennsylvania,2634
8710000US4217960,ZCTA5,17960, Pennsylvania,3868
8710000US4217961,ZCTA5,17961, Pennsylvania,6958
8710000US4217963,ZCTA5,17963, Pennsylvania,9317
8710000US4217964,ZCTA5,17964, Pennsylvania,798
8710000US4217965,ZCTA5,17965, Pennsylvania,2067
8710000US4217972,ZCTA5,17972, Pennsylvania,11627
8710000US4217974,ZCTA5,17974, Pennsylvania,344
8710000US4217967,ZCTA5,17967, Pennsylvania,2457
8710000US4217968,ZCTA5,17968, Pennsylvania,329
8710000US4217970,ZCTA5,17970, Pennsylvania,3241
8710000US4217976,ZCTA5,17976, Pennsylvania,6937
8710000US4217978,ZCTA5,17978, Pennsylvania,224
8710000US4217979,ZCTA5,17979, Pennsylvania,168
8710000US4217980,ZCTA5,17980, Pennsylvania,3238
8710000US4217981,ZCTA5,17981, Pennsylvania,2751
8710000US4217982,ZCTA5,17982, Pennsylvania,430
8710000US4217983,ZCTA5,17983, Pennsylvania,1620
8710000US4217985,ZCTA5,17985, Pennsylvania,1226
8710000US4218011,ZCTA5,18011, Pennsylvania,5450
8710000US4218013,ZCTA5,18013, Pennsylvania,17802
8710000US4218014,ZCTA5,18014, Pennsylvania,11387
8710000US4218015,ZCTA5,18015, Pennsylvania,32832
8710000US4218016,ZCTA5,18016, Pennsylvania,0
8710000US4218017,ZCTA5,18017, Pennsylvania,37549
8710000US4218018,ZCTA5,18018, Pennsylvania,32413
8710000US4218020,ZCTA5,18020, Pennsylvania,20447
8710000US4218030,ZCTA5,18030, Pennsylvania,623
8710000US4218031,ZCTA5,18031, Pennsylvania,7528
8710000US4218036,ZCTA5,18036, Pennsylvania,12822
8710000US4218032,ZCTA5,18032, Pennsylvania,9285
8710000US4218034,ZCTA5,18034, Pennsylvania,8256
8710000US4218035,ZCTA5,18035, Pennsylvania,241
8710000US4218037,ZCTA5,18037, Pennsylvania,7070
8710000US4218038,ZCTA5,18038, Pennsylvania,3091
8710000US4216210,ZCTA5,16210, Pennsylvania,1014
8710000US4216211,ZCTA5,16211, Pennsylvania,104
8710000US4216212,ZCTA5,16212, Pennsylvania,339
8710000US4216213,ZCTA5,16213, Pennsylvania,204
8710000US4216214,ZCTA5,16214, Pennsylvania,10127
8710000US4216217,ZCTA5,16217, Pennsylvania,101
8710000US4216218,ZCTA5,16218, Pennsylvania,1195
8710000US4216222,ZCTA5,16222, Pennsylvania,2526
8710000US4216223,ZCTA5,16223, Pennsylvania,154
8710000US4216224,ZCTA5,16224, Pennsylvania,1181
8710000US4216226,ZCTA5,16226, Pennsylvania,8279
8710000US4216228,ZCTA5,16228, Pennsylvania,371
8710000US4216229,ZCTA5,16229, Pennsylvania,4997
8710000US4216230,ZCTA5,16230, Pennsylvania,494
8710000US4216232,ZCTA5,16232, Pennsylvania,4281
8710000US4216233,ZCTA5,16233, Pennsylvania,1246
8710000US4216235,ZCTA5,16235, Pennsylvania,1256
8710000US4216239,ZCTA5,16239, Pennsylvania,4172
8710000US4216240,ZCTA5,16240, Pennsylvania,1533
8710000US4216236,ZCTA5,16236, Pennsylvania,262
8710000US4216238,ZCTA5,16238, Pennsylvania,410
8710000US4216242,ZCTA5,16242, Pennsylvania,4693
8710000US4216244,ZCTA5,16244, Pennsylvania,265
8710000US4216245,ZCTA5,16245, Pennsylvania,207
8710000US4216246,ZCTA5,16246, Pennsylvania,252
8710000US4216248,ZCTA5,16248, Pennsylvania,3130
8710000US4216249,ZCTA5,16249, Pennsylvania,2089
8710000US4216250,ZCTA5,16250, Pennsylvania,315
8710000US4216253,ZCTA5,16253, Pennsylvania,91
8710000US4216254,ZCTA5,16254, Pennsylvania,3471
8710000US4216255,ZCTA5,16255, Pennsylvania,1943
8710000US4216256,ZCTA5,16256, Pennsylvania,2084
8710000US4216258,ZCTA5,16258, Pennsylvania,1869
8710000US4216259,ZCTA5,16259, Pennsylvania,1934
8710000US4216260,ZCTA5,16260, Pennsylvania,296
8710000US4216262,ZCTA5,16262, Pennsylvania,3007
8710000US4216263,ZCTA5,16263, Pennsylvania,317
8710000US4216301,ZCTA5,16301, Pennsylvania,16321
8710000US4216311,ZCTA5,16311, Pennsylvania,564
8710000US4216312,ZCTA5,16312, Pennsylvania,25
8710000US4218938,ZCTA5,18938, Pennsylvania,13989
8710000US4218940,ZCTA5,18940, Pennsylvania,28825
8710000US4218942,ZCTA5,18942, Pennsylvania,3260
8710000US4218944,ZCTA5,18944, Pennsylvania,24479
8710000US4218947,ZCTA5,18947, Pennsylvania,6172
8710000US4218950,ZCTA5,18950, Pennsylvania,252
8710000US4218951,ZCTA5,18951, Pennsylvania,34651
8710000US4218954,ZCTA5,18954, Pennsylvania,9745
8710000US4218955,ZCTA5,18955, Pennsylvania,1662
8710000US4218960,ZCTA5,18960, Pennsylvania,12473
8710000US4218962,ZCTA5,18962, Pennsylvania,515
8710000US4218964,ZCTA5,18964, Pennsylvania,13812
8710000US4218966,ZCTA5,18966, Pennsylvania,37999
8710000US4218969,ZCTA5,18969, Pennsylvania,15273
8710000US4218970,ZCTA5,18970, Pennsylvania,696
8710000US4218972,ZCTA5,18972, Pennsylvania,3512
8710000US4218974,ZCTA5,18974, Pennsylvania,40953
8710000US4218976,ZCTA5,18976, Pennsylvania,19795
8710000US4218977,ZCTA5,18977, Pennsylvania,4291
8710000US4218980,ZCTA5,18980, Pennsylvania,510
8710000US4219001,ZCTA5,19001, Pennsylvania,17020
8710000US4219002,ZCTA5,19002, Pennsylvania,32412
8710000US4219003,ZCTA5,19003, Pennsylvania,12519
8710000US4219004,ZCTA5,19004, Pennsylvania,9416
8710000US4217270,ZCTA5,17270, Pennsylvania,115
8710000US4217271,ZCTA5,17271, Pennsylvania,339
8710000US4217272,ZCTA5,17272, Pennsylvania,294
8710000US4217301,ZCTA5,17301, Pennsylvania,4053
8710000US4217302,ZCTA5,17302, Pennsylvania,3083
8710000US4217304,ZCTA5,17304, Pennsylvania,3059
8710000US4217306,ZCTA5,17306, Pennsylvania,318
8710000US4217307,ZCTA5,17307, Pennsylvania,5899
8710000US4217309,ZCTA5,17309, Pennsylvania,2086
8710000US4217311,ZCTA5,17311, Pennsylvania,252
8710000US4217316,ZCTA5,17316, Pennsylvania,8266
8710000US4217313,ZCTA5,17313, Pennsylvania,10899
8710000US4217314,ZCTA5,17314, Pennsylvania,5929
8710000US4217315,ZCTA5,17315, Pennsylvania,25756
8710000US4217317,ZCTA5,17317, Pennsylvania,755
8710000US4217318,ZCTA5,17318, Pennsylvania,344
8710000US4217319,ZCTA5,17319, Pennsylvania,10417
8710000US4217320,ZCTA5,17320, Pennsylvania,7823
8710000US4217321,ZCTA5,17321, Pennsylvania,2238
8710000US4217322,ZCTA5,17322, Pennsylvania,6012
8710000US4217324,ZCTA5,17324, Pennsylvania,4219
8710000US4217325,ZCTA5,17325, Pennsylvania,27619
8710000US4217327,ZCTA5,17327, Pennsylvania,7565
8710000US4217329,ZCTA5,17329, Pennsylvania,2494
8710000US4217331,ZCTA5,17331, Pennsylvania,50292
8710000US4217339,ZCTA5,17339, Pennsylvania,6940
8710000US4217340,ZCTA5,17340, Pennsylvania,10896
8710000US4217343,ZCTA5,17343, Pennsylvania,180
8710000US4217344,ZCTA5,17344, Pennsylvania,3656
8710000US4217345,ZCTA5,17345, Pennsylvania,7679
8710000US4217347,ZCTA5,17347, Pennsylvania,6202
8710000US4217349,ZCTA5,17349, Pennsylvania,7570
8710000US4217350,ZCTA5,17350, Pennsylvania,12886
8710000US4217352,ZCTA5,17352, Pennsylvania,1292
8710000US4217360,ZCTA5,17360, Pennsylvania,5927
8710000US4218040,ZCTA5,18040, Pennsylvania,15742
8710000US4218041,ZCTA5,18041, Pennsylvania,5424
8710000US4218042,ZCTA5,18042, Pennsylvania,41570
8710000US4218045,ZCTA5,18045, Pennsylvania,26391
8710000US4218046,ZCTA5,18046, Pennsylvania,64
8710000US4218049,ZCTA5,18049, Pennsylvania,17341
8710000US4218051,ZCTA5,18051, Pennsylvania,3327
8710000US4218052,ZCTA5,18052, Pennsylvania,26902
8710000US4218053,ZCTA5,18053, Pennsylvania,2375
8710000US4218054,ZCTA5,18054, Pennsylvania,4278
8710000US4218055,ZCTA5,18055, Pennsylvania,11780
8710000US4218056,ZCTA5,18056, Pennsylvania,943
8710000US4218058,ZCTA5,18058, Pennsylvania,9464
8710000US4218059,ZCTA5,18059, Pennsylvania,1228
8710000US4218062,ZCTA5,18062, Pennsylvania,24351
8710000US4218063,ZCTA5,18063, Pennsylvania,548
8710000US4218064,ZCTA5,18064, Pennsylvania,24073
8710000US4218066,ZCTA5,18066, Pennsylvania,6005
8710000US4218067,ZCTA5,18067, Pennsylvania,17852
8710000US4218068,ZCTA5,18068, Pennsylvania,42
8710000US4218072,ZCTA5,18072, Pennsylvania,6571
8710000US4218069,ZCTA5,18069, Pennsylvania,8017
8710000US4218070,ZCTA5,18070, Pennsylvania,739
8710000US4218071,ZCTA5,18071, Pennsylvania,10578
8710000US4218073,ZCTA5,18073, Pennsylvania,9350
8710000US4218074,ZCTA5,18074, Pennsylvania,5775
8710000US4218076,ZCTA5,18076, Pennsylvania,2662
8710000US4218077,ZCTA5,18077, Pennsylvania,2370
8710000US4219009,ZCTA5,19009, Pennsylvania,864
8710000US4219006,ZCTA5,19006, Pennsylvania,21423
8710000US4219007,ZCTA5,19007, Pennsylvania,21125
8710000US4219008,ZCTA5,19008, Pennsylvania,20535
8710000US4219010,ZCTA5,19010, Pennsylvania,21103
8710000US4219012,ZCTA5,19012, Pennsylvania,6670
8710000US4219013,ZCTA5,19013, Pennsylvania,35130
8710000US4219014,ZCTA5,19014, Pennsylvania,21206
8710000US4219015,ZCTA5,19015, Pennsylvania,16632
8710000US4219017,ZCTA5,19017, Pennsylvania,348
8710000US4219018,ZCTA5,19018, Pennsylvania,23360
8710000US4219020,ZCTA5,19020, Pennsylvania,55493
8710000US4219021,ZCTA5,19021, Pennsylvania,10074
8710000US4219022,ZCTA5,19022, Pennsylvania,3669
8710000US4219023,ZCTA5,19023, Pennsylvania,22164
8710000US4219025,ZCTA5,19025, Pennsylvania,5395
8710000US4219026,ZCTA5,19026, Pennsylvania,30738
8710000US4219027,ZCTA5,19027, Pennsylvania,19067
8710000US4219029,ZCTA5,19029, Pennsylvania,3971
8710000US4219030,ZCTA5,19030, Pennsylvania,12122
8710000US4219031,ZCTA5,19031, Pennsylvania,4700
8710000US4219032,ZCTA5,19032, Pennsylvania,6606
8710000US4219033,ZCTA5,19033, Pennsylvania,7777
8710000US4219034,ZCTA5,19034, Pennsylvania,5999
8710000US4219035,ZCTA5,19035, Pennsylvania,3780
8710000US4219036,ZCTA5,19036, Pennsylvania,12942
8710000US4219038,ZCTA5,19038, Pennsylvania,31595
8710000US4219044,ZCTA5,19044, Pennsylvania,15853
8710000US4219040,ZCTA5,19040, Pennsylvania,20536
8710000US4219041,ZCTA5,19041, Pennsylvania,6248
8710000US4219043,ZCTA5,19043, Pennsylvania,2664
8710000US4219046,ZCTA5,19046, Pennsylvania,17809
8710000US4219047,ZCTA5,19047, Pennsylvania,35056
8710000US4219050,ZCTA5,19050, Pennsylvania,28073
8710000US4219053,ZCTA5,19053, Pennsylvania,25966
8710000US4219054,ZCTA5,19054, Pennsylvania,17437
8710000US4219055,ZCTA5,19055, Pennsylvania,13924
8710000US4219056,ZCTA5,19056, Pennsylvania,15486
8710000US4215710,ZCTA5,15710, Pennsylvania,266
8710000US4215711,ZCTA5,15711, Pennsylvania,412
8710000US4215712,ZCTA5,15712, Pennsylvania,151
8710000US4215713,ZCTA5,15713, Pennsylvania,294
8710000US4215714,ZCTA5,15714, Pennsylvania,5323
8710000US4215715,ZCTA5,15715, Pennsylvania,621
8710000US4215716,ZCTA5,15716, Pennsylvania,683
8710000US4215717,ZCTA5,15717, Pennsylvania,10847
8710000US4215721,ZCTA5,15721, Pennsylvania,234
8710000US4215724,ZCTA5,15724, Pennsylvania,2412
8710000US4215725,ZCTA5,15725, Pennsylvania,1446
8710000US4215722,ZCTA5,15722, Pennsylvania,2432
8710000US4215723,ZCTA5,15723, Pennsylvania,46
8710000US4215727,ZCTA5,15727, Pennsylvania,168
8710000US4215728,ZCTA5,15728, Pennsylvania,3701
8710000US4215729,ZCTA5,15729, Pennsylvania,1537
8710000US4215730,ZCTA5,15730, Pennsylvania,69
8710000US4215731,ZCTA5,15731, Pennsylvania,315
8710000US4215732,ZCTA5,15732, Pennsylvania,1669
8710000US4215733,ZCTA5,15733, Pennsylvania,108
8710000US4215734,ZCTA5,15734, Pennsylvania,322
8710000US4215736,ZCTA5,15736, Pennsylvania,613
8710000US4216434,ZCTA5,16434, Pennsylvania,2990
8710000US4216435,ZCTA5,16435, Pennsylvania,2108
8710000US4216436,ZCTA5,16436, Pennsylvania,756
8710000US4216438,ZCTA5,16438, Pennsylvania,8083
8710000US4216440,ZCTA5,16440, Pennsylvania,891
8710000US4216441,ZCTA5,16441, Pennsylvania,10136
8710000US4216442,ZCTA5,16442, Pennsylvania,2958
8710000US4216443,ZCTA5,16443, Pennsylvania,1425
8710000US4216444,ZCTA5,16444, Pennsylvania,1717
8710000US4216501,ZCTA5,16501, Pennsylvania,2044
8710000US4216502,ZCTA5,16502, Pennsylvania,16664
8710000US4216503,ZCTA5,16503, Pennsylvania,16850
8710000US4216504,ZCTA5,16504, Pennsylvania,17322
8710000US4216505,ZCTA5,16505, Pennsylvania,17168
8710000US4216506,ZCTA5,16506, Pennsylvania,23720
8710000US4216507,ZCTA5,16507, Pennsylvania,11088
8710000US4216508,ZCTA5,16508, Pennsylvania,16050
8710000US4216509,ZCTA5,16509, Pennsylvania,26810
8710000US4216510,ZCTA5,16510, Pennsylvania,25625
8710000US4216511,ZCTA5,16511, Pennsylvania,11382
8710000US4216546,ZCTA5,16546, Pennsylvania,1154
8710000US4216563,ZCTA5,16563, Pennsylvania,1621
8710000US4216601,ZCTA5,16601, Pennsylvania,33870
8710000US4216602,ZCTA5,16602, Pennsylvania,29554
8710000US4216611,ZCTA5,16611, Pennsylvania,2410
8710000US4216613,ZCTA5,16613, Pennsylvania,1535
8710000US4216616,ZCTA5,16616, Pennsylvania,116
8710000US4216617,ZCTA5,16617, Pennsylvania,2806
8710000US4216619,ZCTA5,16619, Pennsylvania,347
8710000US4216620,ZCTA5,16620, Pennsylvania,414
8710000US4216621,ZCTA5,16621, Pennsylvania,737
8710000US4215737,ZCTA5,15737, Pennsylvania,83
8710000US4215738,ZCTA5,15738, Pennsylvania,265
8710000US4215739,ZCTA5,15739, Pennsylvania,462
8710000US4215741,ZCTA5,15741, Pennsylvania,83
8710000US4215742,ZCTA5,15742, Pennsylvania,950
8710000US4215744,ZCTA5,15744, Pennsylvania,105
8710000US4215745,ZCTA5,15745, Pennsylvania,337
8710000US4215746,ZCTA5,15746, Pennsylvania,135
8710000US4215750,ZCTA5,15750, Pennsylvania,245
8710000US4215752,ZCTA5,15752, Pennsylvania,54
8710000US4215747,ZCTA5,15747, Pennsylvania,2027
8710000US4215748,ZCTA5,15748, Pennsylvania,7060
8710000US4215753,ZCTA5,15753, Pennsylvania,513
8710000US4215754,ZCTA5,15754, Pennsylvania,502
8710000US4215756,ZCTA5,15756, Pennsylvania,207
8710000US4215757,ZCTA5,15757, Pennsylvania,1618
8710000US4215759,ZCTA5,15759, Pennsylvania,3004
8710000US4215760,ZCTA5,15760, Pennsylvania,152
8710000US4215761,ZCTA5,15761, Pennsylvania,111
8710000US4215762,ZCTA5,15762, Pennsylvania,823
8710000US4215764,ZCTA5,15764, Pennsylvania,163
8710000US4215765,ZCTA5,15765, Pennsylvania,1707
8710000US4215767,ZCTA5,15767, Pennsylvania,14668
8710000US4215770,ZCTA5,15770, Pennsylvania,184
8710000US4215771,ZCTA5,15771, Pennsylvania,991
8710000US4215772,ZCTA5,15772, Pennsylvania,1715
8710000US4215773,ZCTA5,15773, Pennsylvania,516
8710000US4215774,ZCTA5,15774, Pennsylvania,3029
8710000US4215775,ZCTA5,15775, Pennsylvania,751
8710000US4215776,ZCTA5,15776, Pennsylvania,52
8710000US4215777,ZCTA5,15777, Pennsylvania,170
8710000US4215778,ZCTA5,15778, Pennsylvania,140
8710000US4215779,ZCTA5,15779, Pennsylvania,414
8710000US4215784,ZCTA5,15784, Pennsylvania,67
8710000US4215780,ZCTA5,15780, Pennsylvania,148
8710000US4215781,ZCTA5,15781, Pennsylvania,94
8710000US4215783,ZCTA5,15783, Pennsylvania,140
8710000US4215801,ZCTA5,15801, Pennsylvania,19270
8710000US4215821,ZCTA5,15821, Pennsylvania,164
8710000US4215823,ZCTA5,15823, Pennsylvania,1431
8710000US4218325,ZCTA5,18325, Pennsylvania,2465
8710000US4218326,ZCTA5,18326, Pennsylvania,4152
8710000US4218327,ZCTA5,18327, Pennsylvania,700
8710000US4218328,ZCTA5,18328, Pennsylvania,7759
8710000US4218330,ZCTA5,18330, Pennsylvania,8927
8710000US4218331,ZCTA5,18331, Pennsylvania,867
8710000US4218332,ZCTA5,18332, Pennsylvania,3085
8710000US4218333,ZCTA5,18333, Pennsylvania,712
8710000US4218334,ZCTA5,18334, Pennsylvania,4156
8710000US4218335,ZCTA5,18335, Pennsylvania,672
8710000US4218336,ZCTA5,18336, Pennsylvania,4082
8710000US4218337,ZCTA5,18337, Pennsylvania,14572
8710000US4218340,ZCTA5,18340, Pennsylvania,174
8710000US4218342,ZCTA5,18342, Pennsylvania,492
8710000US4218343,ZCTA5,18343, Pennsylvania,3982
8710000US4218344,ZCTA5,18344, Pennsylvania,3589
8710000US4218346,ZCTA5,18346, Pennsylvania,2964
8710000US4218347,ZCTA5,18347, Pennsylvania,3364
8710000US4218349,ZCTA5,18349, Pennsylvania,132
8710000US4218350,ZCTA5,18350, Pennsylvania,1931
8710000US4218351,ZCTA5,18351, Pennsylvania,518
8710000US4218352,ZCTA5,18352, Pennsylvania,1098
8710000US4218353,ZCTA5,18353, Pennsylvania,12779
8710000US4218354,ZCTA5,18354, Pennsylvania,951
8710000US4216622,ZCTA5,16622, Pennsylvania,175
8710000US4216623,ZCTA5,16623, Pennsylvania,567
8710000US4216624,ZCTA5,16624, Pennsylvania,204
8710000US4216625,ZCTA5,16625, Pennsylvania,3868
8710000US4216627,ZCTA5,16627, Pennsylvania,2278
8710000US4216630,ZCTA5,16630, Pennsylvania,5080
8710000US4216631,ZCTA5,16631, Pennsylvania,90
8710000US4216633,ZCTA5,16633, Pennsylvania,200
8710000US4216634,ZCTA5,16634, Pennsylvania,302
8710000US4216635,ZCTA5,16635, Pennsylvania,11321
8710000US4216636,ZCTA5,16636, Pennsylvania,742
8710000US4216637,ZCTA5,16637, Pennsylvania,2873
8710000US4216638,ZCTA5,16638, Pennsylvania,67
8710000US4216639,ZCTA5,16639, Pennsylvania,1494
8710000US4216640,ZCTA5,16640, Pennsylvania,817
8710000US4216641,ZCTA5,16641, Pennsylvania,2598
8710000US4216645,ZCTA5,16645, Pennsylvania,142
8710000US4216646,ZCTA5,16646, Pennsylvania,2558
8710000US4216647,ZCTA5,16647, Pennsylvania,764
8710000US4216648,ZCTA5,16648, Pennsylvania,15538
8710000US4216650,ZCTA5,16650, Pennsylvania,2036
8710000US4216652,ZCTA5,16652, Pennsylvania,18028
8710000US4216656,ZCTA5,16656, Pennsylvania,1297
8710000US4216651,ZCTA5,16651, Pennsylvania,5813
8710000US4216655,ZCTA5,16655, Pennsylvania,1601
8710000US4216657,ZCTA5,16657, Pennsylvania,1343
8710000US4216659,ZCTA5,16659, Pennsylvania,303
8710000US4216661,ZCTA5,16661, Pennsylvania,951
8710000US4216666,ZCTA5,16666, Pennsylvania,2960
8710000US4216662,ZCTA5,16662, Pennsylvania,6040
8710000US4216664,ZCTA5,16664, Pennsylvania,2104
8710000US4219143,ZCTA5,19143, Pennsylvania,64849
8710000US4219144,ZCTA5,19144, Pennsylvania,43329
8710000US4219145,ZCTA5,19145, Pennsylvania,47261
8710000US4219146,ZCTA5,19146, Pennsylvania,35113
8710000US4219147,ZCTA5,19147, Pennsylvania,36228
8710000US4219148,ZCTA5,19148, Pennsylvania,49732
8710000US4219149,ZCTA5,19149, Pennsylvania,55006
8710000US4219150,ZCTA5,19150, Pennsylvania,23378
8710000US4219151,ZCTA5,19151, Pennsylvania,29883
8710000US4219152,ZCTA5,19152, Pennsylvania,33293
8710000US4219153,ZCTA5,19153, Pennsylvania,12259
8710000US4219154,ZCTA5,19154, Pennsylvania,34196
8710000US4219301,ZCTA5,19301, Pennsylvania,6402
8710000US4219310,ZCTA5,19310, Pennsylvania,3066
8710000US4219311,ZCTA5,19311, Pennsylvania,8584
8710000US4219312,ZCTA5,19312, Pennsylvania,11539
8710000US4219316,ZCTA5,19316, Pennsylvania,186
8710000US4219317,ZCTA5,19317, Pennsylvania,9530
8710000US4219319,ZCTA5,19319, Pennsylvania,1130
8710000US4219320,ZCTA5,19320, Pennsylvania,52342
8710000US4219330,ZCTA5,19330, Pennsylvania,5421
8710000US4219333,ZCTA5,19333, Pennsylvania,6895
8710000US4219335,ZCTA5,19335, Pennsylvania,46984
8710000US4219341,ZCTA5,19341, Pennsylvania,16709
8710000US4219342,ZCTA5,19342, Pennsylvania,18099
8710000US4219343,ZCTA5,19343, Pennsylvania,8142
8710000US4219344,ZCTA5,19344, Pennsylvania,11919
8710000US4219345,ZCTA5,19345, Pennsylvania,689
8710000US4219348,ZCTA5,19348, Pennsylvania,22232
8710000US4218355,ZCTA5,18355, Pennsylvania,1492
8710000US4218370,ZCTA5,18370, Pennsylvania,1096
8710000US4218356,ZCTA5,18356, Pennsylvania,136
8710000US4218357,ZCTA5,18357, Pennsylvania,104
8710000US4218360,ZCTA5,18360, Pennsylvania,28362
8710000US4218371,ZCTA5,18371, Pennsylvania,747
8710000US4218372,ZCTA5,18372, Pennsylvania,3210
8710000US4218403,ZCTA5,18403, Pennsylvania,7087
8710000US4218405,ZCTA5,18405, Pennsylvania,2561
8710000US4218407,ZCTA5,18407, Pennsylvania,13862
8710000US4218411,ZCTA5,18411, Pennsylvania,21985
8710000US4218413,ZCTA5,18413, Pennsylvania,151
8710000US4218414,ZCTA5,18414, Pennsylvania,5452
8710000US4218415,ZCTA5,18415, Pennsylvania,1245
8710000US4218417,ZCTA5,18417, Pennsylvania,1121
8710000US4218419,ZCTA5,18419, Pennsylvania,4634
8710000US4218420,ZCTA5,18420, Pennsylvania,57
8710000US4218421,ZCTA5,18421, Pennsylvania,4754
8710000US4218424,ZCTA5,18424, Pennsylvania,5613
8710000US4218425,ZCTA5,18425, Pennsylvania,1354
8710000US4218426,ZCTA5,18426, Pennsylvania,4526
8710000US4218427,ZCTA5,18427, Pennsylvania,118
8710000US4218428,ZCTA5,18428, Pennsylvania,12012
8710000US4218430,ZCTA5,18430, Pennsylvania,33
8710000US4218431,ZCTA5,18431, Pennsylvania,12666
8710000US4218433,ZCTA5,18433, Pennsylvania,6508
8710000US4218434,ZCTA5,18434, Pennsylvania,4192
8710000US4218435,ZCTA5,18435, Pennsylvania,795
8710000US4218436,ZCTA5,18436, Pennsylvania,13853
8710000US4218437,ZCTA5,18437, Pennsylvania,211
8710000US4218438,ZCTA5,18438, Pennsylvania,1172
8710000US4218439,ZCTA5,18439, Pennsylvania,500
8710000US4218441,ZCTA5,18441, Pennsylvania,289
8710000US4218443,ZCTA5,18443, Pennsylvania,458
8710000US4218444,ZCTA5,18444, Pennsylvania,13778
8710000US4218445,ZCTA5,18445, Pennsylvania,2329
8710000US4218446,ZCTA5,18446, Pennsylvania,3733
8710000US4218447,ZCTA5,18447, Pennsylvania,10548
8710000US4219350,ZCTA5,19350, Pennsylvania,10921
8710000US4219352,ZCTA5,19352, Pennsylvania,10622
8710000US4219355,ZCTA5,19355, Pennsylvania,24760
8710000US4219358,ZCTA5,19358, Pennsylvania,526
8710000US4219362,ZCTA5,19362, Pennsylvania,5815
8710000US4219363,ZCTA5,19363, Pennsylvania,17055
8710000US4219365,ZCTA5,19365, Pennsylvania,7006
8710000US4219367,ZCTA5,19367, Pennsylvania,171
8710000US4219372,ZCTA5,19372, Pennsylvania,1360
8710000US4219373,ZCTA5,19373, Pennsylvania,4273
8710000US4219374,ZCTA5,19374, Pennsylvania,1252
8710000US4219382,ZCTA5,19382, Pennsylvania,52388
8710000US4219375,ZCTA5,19375, Pennsylvania,104
8710000US4219380,ZCTA5,19380, Pennsylvania,49534
8710000US4219383,ZCTA5,19383, Pennsylvania,3169
8710000US4219390,ZCTA5,19390, Pennsylvania,13425
8710000US4219401,ZCTA5,19401, Pennsylvania,41753
8710000US4219403,ZCTA5,19403, Pennsylvania,44260
8710000US4219405,ZCTA5,19405, Pennsylvania,5127
8710000US4219406,ZCTA5,19406, Pennsylvania,23441
8710000US4219422,ZCTA5,19422, Pennsylvania,18506
8710000US4219425,ZCTA5,19425, Pennsylvania,13922
8710000US4219426,ZCTA5,19426, Pennsylvania,38831
8710000US4219428,ZCTA5,19428, Pennsylvania,16580
8710000US4219435,ZCTA5,19435, Pennsylvania,100
8710000US4219436,ZCTA5,19436, Pennsylvania,640
8710000US4219437,ZCTA5,19437, Pennsylvania,757
8710000US4219438,ZCTA5,19438, Pennsylvania,23765
8710000US4219440,ZCTA5,19440, Pennsylvania,18038
8710000US4219442,ZCTA5,19442, Pennsylvania,45
8710000US4219444,ZCTA5,19444, Pennsylvania,10519
8710000US4219446,ZCTA5,19446, Pennsylvania,55138
8710000US4219453,ZCTA5,19453, Pennsylvania,1483
8710000US4216834,ZCTA5,16834, Pennsylvania,299
8710000US4216835,ZCTA5,16835, Pennsylvania,238
8710000US4216836,ZCTA5,16836, Pennsylvania,1152
8710000US4216837,ZCTA5,16837, Pennsylvania,186
8710000US4216838,ZCTA5,16838, Pennsylvania,1821
8710000US4216839,ZCTA5,16839, Pennsylvania,489
8710000US4216840,ZCTA5,16840, Pennsylvania,510
8710000US4216845,ZCTA5,16845, Pennsylvania,1088
8710000US4216841,ZCTA5,16841, Pennsylvania,5934
8710000US4216843,ZCTA5,16843, Pennsylvania,657
8710000US4216844,ZCTA5,16844, Pennsylvania,2769
8710000US4216847,ZCTA5,16847, Pennsylvania,335
8710000US4216848,ZCTA5,16848, Pennsylvania,319
8710000US4216849,ZCTA5,16849, Pennsylvania,331
8710000US4216851,ZCTA5,16851, Pennsylvania,866
8710000US4216852,ZCTA5,16852, Pennsylvania,371
8710000US4216853,ZCTA5,16853, Pennsylvania,300
8710000US4216854,ZCTA5,16854, Pennsylvania,947
8710000US4216855,ZCTA5,16855, Pennsylvania,282
8710000US4216858,ZCTA5,16858, Pennsylvania,3688
8710000US4216859,ZCTA5,16859, Pennsylvania,542
8710000US4216860,ZCTA5,16860, Pennsylvania,451
8710000US4216861,ZCTA5,16861, Pennsylvania,311
8710000US4216863,ZCTA5,16863, Pennsylvania,718
8710000US4216865,ZCTA5,16865, Pennsylvania,1839
8710000US4216866,ZCTA5,16866, Pennsylvania,9881
8710000US4216868,ZCTA5,16868, Pennsylvania,483
8710000US4216870,ZCTA5,16870, Pennsylvania,7046
8710000US4216871,ZCTA5,16871, Pennsylvania,46
8710000US4216872,ZCTA5,16872, Pennsylvania,1551
8710000US4216874,ZCTA5,16874, Pennsylvania,1371
8710000US4216878,ZCTA5,16878, Pennsylvania,1762
8710000US4216875,ZCTA5,16875, Pennsylvania,3945
8710000US4216876,ZCTA5,16876, Pennsylvania,311
8710000US4216877,ZCTA5,16877, Pennsylvania,1762
8710000US4216879,ZCTA5,16879, Pennsylvania,532
8710000US4216881,ZCTA5,16881, Pennsylvania,2232
8710000US4216882,ZCTA5,16882, Pennsylvania,300
8710000US4216901,ZCTA5,16901, Pennsylvania,10243
8710000US4216911,ZCTA5,16911, Pennsylvania,332
8710000US4216912,ZCTA5,16912, Pennsylvania,1776
8710000US4216914,ZCTA5,16914, Pennsylvania,2347
8710000US4216915,ZCTA5,16915, Pennsylvania,5929
8710000US4216917,ZCTA5,16917, Pennsylvania,1437
8710000US4216920,ZCTA5,16920, Pennsylvania,2006
8710000US4216921,ZCTA5,16921, Pennsylvania,475
8710000US4216922,ZCTA5,16922, Pennsylvania,2002
8710000US4216923,ZCTA5,16923, Pennsylvania,1470
8710000US4216925,ZCTA5,16925, Pennsylvania,3186
8710000US4216926,ZCTA5,16926, Pennsylvania,872
8710000US4216927,ZCTA5,16927, Pennsylvania,651
8710000US4216928,ZCTA5,16928, Pennsylvania,1387
8710000US4216929,ZCTA5,16929, Pennsylvania,2320
8710000US4216930,ZCTA5,16930, Pennsylvania,1300
8710000US4216932,ZCTA5,16932, Pennsylvania,734
8710000US4216933,ZCTA5,16933, Pennsylvania,7488
8710000US4215956,ZCTA5,15956, Pennsylvania,2739
8710000US4215957,ZCTA5,15957, Pennsylvania,755
8710000US4215958,ZCTA5,15958, Pennsylvania,2301
8710000US4215960,ZCTA5,15960, Pennsylvania,425
8710000US4215961,ZCTA5,15961, Pennsylvania,854
8710000US4215962,ZCTA5,15962, Pennsylvania,149
8710000US4215963,ZCTA5,15963, Pennsylvania,11114
8710000US4216001,ZCTA5,16001, Pennsylvania,40371
8710000US4216002,ZCTA5,16002, Pennsylvania,15877
8710000US4216020,ZCTA5,16020, Pennsylvania,1150
8710000US4216022,ZCTA5,16022, Pennsylvania,368
8710000US4216023,ZCTA5,16023, Pennsylvania,4169
8710000US4216024,ZCTA5,16024, Pennsylvania,209
8710000US4216025,ZCTA5,16025, Pennsylvania,5564
8710000US4216027,ZCTA5,16027, Pennsylvania,306
8710000US4216028,ZCTA5,16028, Pennsylvania,1886
8710000US4216029,ZCTA5,16029, Pennsylvania,705
8710000US4216030,ZCTA5,16030, Pennsylvania,316
8710000US4216033,ZCTA5,16033, Pennsylvania,6165
8710000US4216034,ZCTA5,16034, Pennsylvania,2054
8710000US4216035,ZCTA5,16035, Pennsylvania,122
8710000US4216036,ZCTA5,16036, Pennsylvania,200
8710000US4216037,ZCTA5,16037, Pennsylvania,4589
8710000US4216040,ZCTA5,16040, Pennsylvania,975
8710000US4216046,ZCTA5,16046, Pennsylvania,14396
8710000US4216038,ZCTA5,16038, Pennsylvania,3517
8710000US4216041,ZCTA5,16041, Pennsylvania,1888
8710000US4216045,ZCTA5,16045, Pennsylvania,1195
8710000US4216048,ZCTA5,16048, Pennsylvania,139
8710000US4216052,ZCTA5,16052, Pennsylvania,2447
8710000US4216049,ZCTA5,16049, Pennsylvania,3241
8710000US4216050,ZCTA5,16050, Pennsylvania,1546
8710000US4216051,ZCTA5,16051, Pennsylvania,3043
8710000US4216053,ZCTA5,16053, Pennsylvania,4020
8710000US4216054,ZCTA5,16054, Pennsylvania,497
8710000US4216055,ZCTA5,16055, Pennsylvania,8486
8710000US4216056,ZCTA5,16056, Pennsylvania,4791
8710000US4216057,ZCTA5,16057, Pennsylvania,13909
8710000US4216059,ZCTA5,16059, Pennsylvania,7738
8710000US4216061,ZCTA5,16061, Pennsylvania,2761
8710000US4216063,ZCTA5,16063, Pennsylvania,6559
8710000US4216066,ZCTA5,16066, Pennsylvania,28060
8710000US4216101,ZCTA5,16101, Pennsylvania,34042
8710000US4216102,ZCTA5,16102, Pennsylvania,5755
8710000US4216105,ZCTA5,16105, Pennsylvania,15448
8710000US4216110,ZCTA5,16110, Pennsylvania,314
8710000US4216111,ZCTA5,16111, Pennsylvania,1409
8710000US4216112,ZCTA5,16112, Pennsylvania,1571
8710000US4216113,ZCTA5,16113, Pennsylvania,448
8710000US4216114,ZCTA5,16114, Pennsylvania,606
8710000US4216115,ZCTA5,16115, Pennsylvania,3287
8710000US4216935,ZCTA5,16935, Pennsylvania,1256
8710000US4216936,ZCTA5,16936, Pennsylvania,2095
8710000US4216937,ZCTA5,16937, Pennsylvania,172
8710000US4216938,ZCTA5,16938, Pennsylvania,747
8710000US4216939,ZCTA5,16939, Pennsylvania,295
8710000US4216940,ZCTA5,16940, Pennsylvania,302
8710000US4219607,ZCTA5,19607, Pennsylvania,22544
8710000US4219608,ZCTA5,19608, Pennsylvania,22719
8710000US4219609,ZCTA5,19609, Pennsylvania,9946
8710000US4219610,ZCTA5,19610, Pennsylvania,15258
8710000US4219611,ZCTA5,19611, Pennsylvania,10589
8710000US4217062,ZCTA5,17062, Pennsylvania,3979
8710000US4217063,ZCTA5,17063, Pennsylvania,3311
8710000US4217064,ZCTA5,17064, Pennsylvania,645
8710000US4217065,ZCTA5,17065, Pennsylvania,4222
8710000US4217066,ZCTA5,17066, Pennsylvania,5348
8710000US4217067,ZCTA5,17067, Pennsylvania,14232
8710000US4217068,ZCTA5,17068, Pennsylvania,4298
8710000US4217069,ZCTA5,17069, Pennsylvania,133
8710000US4217070,ZCTA5,17070, Pennsylvania,15692
8710000US4217071,ZCTA5,17071, Pennsylvania,108
8710000US4217072,ZCTA5,17072, Pennsylvania,193
8710000US4217073,ZCTA5,17073, Pennsylvania,5271
8710000US4217074,ZCTA5,17074, Pennsylvania,7477
8710000US4217075,ZCTA5,17075, Pennsylvania,123
8710000US4217076,ZCTA5,17076, Pennsylvania,48
8710000US4217077,ZCTA5,17077, Pennsylvania,46
8710000US4217078,ZCTA5,17078, Pennsylvania,20218
8710000US4217080,ZCTA5,17080, Pennsylvania,298
8710000US4217081,ZCTA5,17081, Pennsylvania,352
8710000US4217082,ZCTA5,17082, Pennsylvania,3588
8710000US4217083,ZCTA5,17083, Pennsylvania,109
8710000US4217088,ZCTA5,17088, Pennsylvania,823
8710000US4217084,ZCTA5,17084, Pennsylvania,4340
8710000US4217086,ZCTA5,17086, Pennsylvania,2499
8710000US4217087,ZCTA5,17087, Pennsylvania,2767
8710000US4217090,ZCTA5,17090, Pennsylvania,5216
8710000US4217093,ZCTA5,17093, Pennsylvania,801
8710000US4217099,ZCTA5,17099, Pennsylvania,1179
8710000US4217094,ZCTA5,17094, Pennsylvania,2392
8710000US4217097,ZCTA5,17097, Pennsylvania,925
8710000US4217098,ZCTA5,17098, Pennsylvania,2528
8710000US4217101,ZCTA5,17101, Pennsylvania,2212
8710000US4217102,ZCTA5,17102, Pennsylvania,7628
8710000US4217103,ZCTA5,17103, Pennsylvania,11848
8710000US4217104,ZCTA5,17104, Pennsylvania,20962
8710000US4217109,ZCTA5,17109, Pennsylvania,23131
8710000US4217110,ZCTA5,17110, Pennsylvania,24433
8710000US4217111,ZCTA5,17111, Pennsylvania,30714
8710000US4217112,ZCTA5,17112, Pennsylvania,33850
8710000US4217113,ZCTA5,17113, Pennsylvania,10749
8710000US4216116,ZCTA5,16116, Pennsylvania,3074
8710000US4216117,ZCTA5,16117, Pennsylvania,17185
8710000US4216120,ZCTA5,16120, Pennsylvania,2463
8710000US4216121,ZCTA5,16121, Pennsylvania,4941
8710000US4216123,ZCTA5,16123, Pennsylvania,2237
8710000US4216124,ZCTA5,16124, Pennsylvania,2228
8710000US4216125,ZCTA5,16125, Pennsylvania,18186
8710000US4216127,ZCTA5,16127, Pennsylvania,16145
8710000US4216130,ZCTA5,16130, Pennsylvania,2023
8710000US4216131,ZCTA5,16131, Pennsylvania,933
8710000US4216132,ZCTA5,16132, Pennsylvania,355
8710000US4218653,ZCTA5,18653, Pennsylvania,132
8710000US4218655,ZCTA5,18655, Pennsylvania,6278
8710000US4218656,ZCTA5,18656, Pennsylvania,2195
8710000US4218657,ZCTA5,18657, Pennsylvania,11985
8710000US4218660,ZCTA5,18660, Pennsylvania,3702
8710000US4218661,ZCTA5,18661, Pennsylvania,5730
8710000US4218701,ZCTA5,18701, Pennsylvania,3447
8710000US4218702,ZCTA5,18702, Pennsylvania,40295
8710000US4218704,ZCTA5,18704, Pennsylvania,31206
8710000US4218705,ZCTA5,18705, Pennsylvania,14806
8710000US4218706,ZCTA5,18706, Pennsylvania,16105
8710000US4218707,ZCTA5,18707, Pennsylvania,15557
8710000US4218708,ZCTA5,18708, Pennsylvania,8817
8710000US4218709,ZCTA5,18709, Pennsylvania,2903
8710000US4218801,ZCTA5,18801, Pennsylvania,8266
8710000US4218810,ZCTA5,18810, Pennsylvania,6162
8710000US4218812,ZCTA5,18812, Pennsylvania,1644
8710000US4218814,ZCTA5,18814, Pennsylvania,156
8710000US4218816,ZCTA5,18816, Pennsylvania,128
8710000US4218817,ZCTA5,18817, Pennsylvania,306
8710000US4218818,ZCTA5,18818, Pennsylvania,1394
8710000US4218821,ZCTA5,18821, Pennsylvania,1153
8710000US4218822,ZCTA5,18822, Pennsylvania,3642
8710000US4218823,ZCTA5,18823, Pennsylvania,193
8710000US4218824,ZCTA5,18824, Pennsylvania,1401
8710000US4218825,ZCTA5,18825, Pennsylvania,111
8710000US4218826,ZCTA5,18826, Pennsylvania,1910
8710000US4218828,ZCTA5,18828, Pennsylvania,352
8710000US4218829,ZCTA5,18829, Pennsylvania,868
8710000US4218830,ZCTA5,18830, Pennsylvania,735
8710000US4218831,ZCTA5,18831, Pennsylvania,1039
8710000US4218832,ZCTA5,18832, Pennsylvania,1874
8710000US4218833,ZCTA5,18833, Pennsylvania,2056
8710000US4218834,ZCTA5,18834, Pennsylvania,3691
8710000US4218837,ZCTA5,18837, Pennsylvania,3267
8710000US4218840,ZCTA5,18840, Pennsylvania,10731
8710000US4218842,ZCTA5,18842, Pennsylvania,278
8710000US4218843,ZCTA5,18843, Pennsylvania,277
8710000US4218844,ZCTA5,18844, Pennsylvania,1870
8710000US4218845,ZCTA5,18845, Pennsylvania,297
8710000US4218846,ZCTA5,18846, Pennsylvania,847
8710000US4218847,ZCTA5,18847, Pennsylvania,6024
8710000US4218848,ZCTA5,18848, Pennsylvania,9193
8710000US4218850,ZCTA5,18850, Pennsylvania,2357
8710000US4218851,ZCTA5,18851, Pennsylvania,706
8710000US4218853,ZCTA5,18853, Pennsylvania,4252
8710000US4218854,ZCTA5,18854, Pennsylvania,1510
8710000US4218901,ZCTA5,18901, Pennsylvania,27598
8710000US4218902,ZCTA5,18902, Pennsylvania,20973
8710000US4218912,ZCTA5,18912, Pennsylvania,39
8710000US4218913,ZCTA5,18913, Pennsylvania,185
8710000US4218914,ZCTA5,18914, Pennsylvania,21063
8710000US4218915,ZCTA5,18915, Pennsylvania,1063
8710000US4217120,ZCTA5,17120, Pennsylvania,0
8710000US4217201,ZCTA5,17201, Pennsylvania,25293
8710000US4217202,ZCTA5,17202, Pennsylvania,30200
8710000US4217210,ZCTA5,17210, Pennsylvania,193
8710000US4217211,ZCTA5,17211, Pennsylvania,368
8710000US4217212,ZCTA5,17212, Pennsylvania,702
8710000US4217213,ZCTA5,17213, Pennsylvania,639
8710000US4217214,ZCTA5,17214, Pennsylvania,1089
8710000US4217215,ZCTA5,17215, Pennsylvania,347
8710000US4217217,ZCTA5,17217, Pennsylvania,150
8710000US4217219,ZCTA5,17219, Pennsylvania,405
8710000US4217220,ZCTA5,17220, Pennsylvania,534
8710000US4217221,ZCTA5,17221, Pennsylvania,637
8710000US4217222,ZCTA5,17222, Pennsylvania,10749
8710000US4217223,ZCTA5,17223, Pennsylvania,289
8710000US4217224,ZCTA5,17224, Pennsylvania,1834
8710000US4217225,ZCTA5,17225, Pennsylvania,18879
8710000US4217228,ZCTA5,17228, Pennsylvania,1183
8710000US4217229,ZCTA5,17229, Pennsylvania,1276
8710000US4217233,ZCTA5,17233, Pennsylvania,5047
8710000US4217235,ZCTA5,17235, Pennsylvania,672
8710000US4217236,ZCTA5,17236, Pennsylvania,8895
8710000US4215075,ZCTA5,15075, Pennsylvania,128
8710000US4215076,ZCTA5,15076, Pennsylvania,849
8710000US4215077,ZCTA5,15077, Pennsylvania,198
8710000US4215078,ZCTA5,15078, Pennsylvania,523
8710000US4215081,ZCTA5,15081, Pennsylvania,475
8710000US4215082,ZCTA5,15082, Pennsylvania,350
8710000US4215083,ZCTA5,15083, Pennsylvania,952
8710000US4215084,ZCTA5,15084, Pennsylvania,10130
8710000US4215085,ZCTA5,15085, Pennsylvania,7944
8710000US4215620,ZCTA5,15620, Pennsylvania,911
8710000US4215621,ZCTA5,15621, Pennsylvania,47
8710000US4215622,ZCTA5,15622, Pennsylvania,1387
8710000US4215626,ZCTA5,15626, Pennsylvania,5105
8710000US4215623,ZCTA5,15623, Pennsylvania,762
8710000US4215624,ZCTA5,15624, Pennsylvania,410
8710000US4215625,ZCTA5,15625, Pennsylvania,144
8710000US4218917,ZCTA5,18917, Pennsylvania,2158
8710000US4218920,ZCTA5,18920, Pennsylvania,361
8710000US4218923,ZCTA5,18923, Pennsylvania,998
8710000US4218925,ZCTA5,18925, Pennsylvania,6195
8710000US4218929,ZCTA5,18929, Pennsylvania,9306
8710000US4218930,ZCTA5,18930, Pennsylvania,2721
8710000US4218932,ZCTA5,18932, Pennsylvania,388
8710000US4218935,ZCTA5,18935, Pennsylvania,116
8710000US4218936,ZCTA5,18936, Pennsylvania,4
8710000US4215086,ZCTA5,15086, Pennsylvania,300
8710000US4215087,ZCTA5,15087, Pennsylvania,234
8710000US4215088,ZCTA5,15088, Pennsylvania,535
8710000US4215089,ZCTA5,15089, Pennsylvania,6262
8710000US4215090,ZCTA5,15090, Pennsylvania,21202
8710000US4215101,ZCTA5,15101, Pennsylvania,24292
8710000US4215102,ZCTA5,15102, Pennsylvania,29529
8710000US4215104,ZCTA5,15104, Pennsylvania,9038
8710000US4215106,ZCTA5,15106, Pennsylvania,18536
8710000US4215108,ZCTA5,15108, Pennsylvania,40153
8710000US4215110,ZCTA5,15110, Pennsylvania,5565
8710000US4215112,ZCTA5,15112, Pennsylvania,3292
8710000US4215116,ZCTA5,15116, Pennsylvania,14427
8710000US4215120,ZCTA5,15120, Pennsylvania,18931
8710000US4215122,ZCTA5,15122, Pennsylvania,20131
8710000US4215126,ZCTA5,15126, Pennsylvania,7014
8710000US4215129,ZCTA5,15129, Pennsylvania,10920
8710000US4215131,ZCTA5,15131, Pennsylvania,8240
8710000US4215132,ZCTA5,15132, Pennsylvania,21472
8710000US4215133,ZCTA5,15133, Pennsylvania,6432
8710000US4215135,ZCTA5,15135, Pennsylvania,5139
8710000US4215136,ZCTA5,15136, Pennsylvania,21849
8710000US4215137,ZCTA5,15137, Pennsylvania,10228
8710000US4215139,ZCTA5,15139, Pennsylvania,6307
8710000US4215140,ZCTA5,15140, Pennsylvania,3294
8710000US4215142,ZCTA5,15142, Pennsylvania,1163
8710000US4215143,ZCTA5,15143, Pennsylvania,19660
8710000US4215144,ZCTA5,15144, Pennsylvania,4142
8710000US4215145,ZCTA5,15145, Pennsylvania,7132
8710000US4215146,ZCTA5,15146, Pennsylvania,28323
8710000US4215147,ZCTA5,15147, Pennsylvania,17395
8710000US4215148,ZCTA5,15148, Pennsylvania,2814
8710000US4215201,ZCTA5,15201, Pennsylvania,12713
8710000US4215202,ZCTA5,15202, Pennsylvania,19685
8710000US4215203,ZCTA5,15203, Pennsylvania,9949
8710000US4215204,ZCTA5,15204, Pennsylvania,8329
8710000US4215205,ZCTA5,15205, Pennsylvania,21865
8710000US4215206,ZCTA5,15206, Pennsylvania,28615
8710000US4215207,ZCTA5,15207, Pennsylvania,11268
8710000US4215208,ZCTA5,15208, Pennsylvania,10406
8710000US4215209,ZCTA5,15209, Pennsylvania,12438
8710000US4215210,ZCTA5,15210, Pennsylvania,25954
8710000US4215211,ZCTA5,15211, Pennsylvania,11081
8710000US4215212,ZCTA5,15212, Pennsylvania,27895
8710000US4215213,ZCTA5,15213, Pennsylvania,30844
8710000US4215214,ZCTA5,15214, Pennsylvania,14352
8710000US4215215,ZCTA5,15215, Pennsylvania,12615
8710000US4215216,ZCTA5,15216, Pennsylvania,23350
8710000US4215217,ZCTA5,15217, Pennsylvania,27220
8710000US4215218,ZCTA5,15218, Pennsylvania,13851
8710000US4215219,ZCTA5,15219, Pennsylvania,16696
8710000US4215220,ZCTA5,15220, Pennsylvania,17718
8710000US4215221,ZCTA5,15221, Pennsylvania,31060
8710000US4217353,ZCTA5,17353, Pennsylvania,3228
8710000US4217355,ZCTA5,17355, Pennsylvania,261
8710000US4217356,ZCTA5,17356, Pennsylvania,21610
8710000US4217361,ZCTA5,17361, Pennsylvania,5806
8710000US4217362,ZCTA5,17362, Pennsylvania,13397
8710000US4217363,ZCTA5,17363, Pennsylvania,9413
8710000US4217364,ZCTA5,17364, Pennsylvania,3907
8710000US4217365,ZCTA5,17365, Pennsylvania,2510
8710000US4217366,ZCTA5,17366, Pennsylvania,5499
8710000US4217368,ZCTA5,17368, Pennsylvania,7322
8710000US4217370,ZCTA5,17370, Pennsylvania,5683
8710000US4215627,ZCTA5,15627, Pennsylvania,6544
8710000US4215628,ZCTA5,15628, Pennsylvania,525
8710000US4215629,ZCTA5,15629, Pennsylvania,676
8710000US4215631,ZCTA5,15631, Pennsylvania,1075
8710000US4215632,ZCTA5,15632, Pennsylvania,9363
8710000US4215633,ZCTA5,15633, Pennsylvania,293
8710000US4215634,ZCTA5,15634, Pennsylvania,523
8710000US4215635,ZCTA5,15635, Pennsylvania,220
8710000US4215636,ZCTA5,15636, Pennsylvania,3946
8710000US4215637,ZCTA5,15637, Pennsylvania,1861
8710000US4215638,ZCTA5,15638, Pennsylvania,288
8710000US4215639,ZCTA5,15639, Pennsylvania,2301
8710000US4215640,ZCTA5,15640, Pennsylvania,378
8710000US4215641,ZCTA5,15641, Pennsylvania,500
8710000US4215642,ZCTA5,15642, Pennsylvania,45286
8710000US4215644,ZCTA5,15644, Pennsylvania,18836
8710000US4215646,ZCTA5,15646, Pennsylvania,233
8710000US4215647,ZCTA5,15647, Pennsylvania,314
8710000US4215650,ZCTA5,15650, Pennsylvania,28432
8710000US4215655,ZCTA5,15655, Pennsylvania,423
8710000US4215656,ZCTA5,15656, Pennsylvania,10298
8710000US4215658,ZCTA5,15658, Pennsylvania,8916
8710000US4215660,ZCTA5,15660, Pennsylvania,323
8710000US4215661,ZCTA5,15661, Pennsylvania,504
8710000US4215662,ZCTA5,15662, Pennsylvania,271
8710000US4215663,ZCTA5,15663, Pennsylvania,455
8710000US4215665,ZCTA5,15665, Pennsylvania,1472
8710000US4215666,ZCTA5,15666, Pennsylvania,16461
8710000US4215668,ZCTA5,15668, Pennsylvania,13139
8710000US4215670,ZCTA5,15670, Pennsylvania,3649
8710000US4215671,ZCTA5,15671, Pennsylvania,865
8710000US4215672,ZCTA5,15672, Pennsylvania,3334
8710000US4215673,ZCTA5,15673, Pennsylvania,1296
8710000US4215675,ZCTA5,15675, Pennsylvania,1003
8710000US4215676,ZCTA5,15676, Pennsylvania,437
8710000US4215677,ZCTA5,15677, Pennsylvania,389
8710000US4215678,ZCTA5,15678, Pennsylvania,476
8710000US4215679,ZCTA5,15679, Pennsylvania,3343
8710000US4215680,ZCTA5,15680, Pennsylvania,101
8710000US4215681,ZCTA5,15681, Pennsylvania,5241
8710000US4215683,ZCTA5,15683, Pennsylvania,8248
8710000US4215684,ZCTA5,15684, Pennsylvania,841
8710000US4215686,ZCTA5,15686, Pennsylvania,972
8710000US4215687,ZCTA5,15687, Pennsylvania,1476
8710000US4215688,ZCTA5,15688, Pennsylvania,641
8710000US4215689,ZCTA5,15689, Pennsylvania,229
8710000US4215690,ZCTA5,15690, Pennsylvania,9078
8710000US4215691,ZCTA5,15691, Pennsylvania,70
8710000US4215696,ZCTA5,15696, Pennsylvania,384
8710000US4215692,ZCTA5,15692, Pennsylvania,941
8710000US4215693,ZCTA5,15693, Pennsylvania,189
8710000US4215695,ZCTA5,15695, Pennsylvania,337
8710000US4215697,ZCTA5,15697, Pennsylvania,3038
8710000US4215698,ZCTA5,15698, Pennsylvania,791
8710000US4215701,ZCTA5,15701, Pennsylvania,34704
8710000US4218078,ZCTA5,18078, Pennsylvania,7074
8710000US4218079,ZCTA5,18079, Pennsylvania,436
8710000US4218080,ZCTA5,18080, Pennsylvania,11456
8710000US4218081,ZCTA5,18081, Pennsylvania,357
8710000US4218083,ZCTA5,18083, Pennsylvania,530
8710000US4218088,ZCTA5,18088, Pennsylvania,8375
8710000US4218085,ZCTA5,18085, Pennsylvania,1119
8710000US4218086,ZCTA5,18086, Pennsylvania,398
8710000US4218087,ZCTA5,18087, Pennsylvania,738
8710000US4216317,ZCTA5,16317, Pennsylvania,1456
8710000US4216313,ZCTA5,16313, Pennsylvania,1848
8710000US4216314,ZCTA5,16314, Pennsylvania,5507
8710000US4216316,ZCTA5,16316, Pennsylvania,5436
8710000US4216319,ZCTA5,16319, Pennsylvania,1355
8710000US4216321,ZCTA5,16321, Pennsylvania,76
8710000US4216322,ZCTA5,16322, Pennsylvania,158
8710000US4216323,ZCTA5,16323, Pennsylvania,16372
8710000US4216326,ZCTA5,16326, Pennsylvania,391
8710000US4216327,ZCTA5,16327, Pennsylvania,2978
8710000US4216328,ZCTA5,16328, Pennsylvania,80
8710000US4216329,ZCTA5,16329, Pennsylvania,528
8710000US4216331,ZCTA5,16331, Pennsylvania,88
8710000US4216332,ZCTA5,16332, Pennsylvania,53
8710000US4216333,ZCTA5,16333, Pennsylvania,240
8710000US4216334,ZCTA5,16334, Pennsylvania,338
8710000US4216335,ZCTA5,16335, Pennsylvania,28445
8710000US4216340,ZCTA5,16340, Pennsylvania,1990
8710000US4216341,ZCTA5,16341, Pennsylvania,2030
8710000US4216342,ZCTA5,16342, Pennsylvania,2281
8710000US4216343,ZCTA5,16343, Pennsylvania,449
8710000US4216344,ZCTA5,16344, Pennsylvania,523
8710000US4216345,ZCTA5,16345, Pennsylvania,3543
8710000US4216346,ZCTA5,16346, Pennsylvania,3247
8710000US4216347,ZCTA5,16347, Pennsylvania,2238
8710000US4216350,ZCTA5,16350, Pennsylvania,2737
8710000US4216351,ZCTA5,16351, Pennsylvania,1716
8710000US4216352,ZCTA5,16352, Pennsylvania,245
8710000US4216353,ZCTA5,16353, Pennsylvania,3348
8710000US4216354,ZCTA5,16354, Pennsylvania,11379
8710000US4216360,ZCTA5,16360, Pennsylvania,1383
8710000US4216361,ZCTA5,16361, Pennsylvania,53
8710000US4216362,ZCTA5,16362, Pennsylvania,1102
8710000US4216364,ZCTA5,16364, Pennsylvania,1347
8710000US4216365,ZCTA5,16365, Pennsylvania,18579
8710000US4216370,ZCTA5,16370, Pennsylvania,358
8710000US4216371,ZCTA5,16371, Pennsylvania,3260
8710000US4216372,ZCTA5,16372, Pennsylvania,499
8710000US4216373,ZCTA5,16373, Pennsylvania,3510
8710000US4216374,ZCTA5,16374, Pennsylvania,1968
8710000US4216401,ZCTA5,16401, Pennsylvania,6581
8710000US4216402,ZCTA5,16402, Pennsylvania,956
8710000US4216403,ZCTA5,16403, Pennsylvania,7029
8710000US4216404,ZCTA5,16404, Pennsylvania,3269
8710000US4216405,ZCTA5,16405, Pennsylvania,922
8710000US4216406,ZCTA5,16406, Pennsylvania,3509
8710000US4216407,ZCTA5,16407, Pennsylvania,11317
8710000US4216410,ZCTA5,16410, Pennsylvania,1854
8710000US4217371,ZCTA5,17371, Pennsylvania,257
8710000US4217372,ZCTA5,17372, Pennsylvania,4101
8710000US4217401,ZCTA5,17401, Pennsylvania,17687
8710000US4217402,ZCTA5,17402, Pennsylvania,36360
8710000US4217403,ZCTA5,17403, Pennsylvania,39042
8710000US4217404,ZCTA5,17404, Pennsylvania,35517
8710000US4217406,ZCTA5,17406, Pennsylvania,22156
8710000US4217407,ZCTA5,17407, Pennsylvania,2355
8710000US4217408,ZCTA5,17408, Pennsylvania,22507
8710000US4217501,ZCTA5,17501, Pennsylvania,4307
8710000US4217502,ZCTA5,17502, Pennsylvania,2464
8710000US4217505,ZCTA5,17505, Pennsylvania,1785
8710000US4217507,ZCTA5,17507, Pennsylvania,62
8710000US4217508,ZCTA5,17508, Pennsylvania,423
8710000US4217509,ZCTA5,17509, Pennsylvania,4664
8710000US4217512,ZCTA5,17512, Pennsylvania,17836
8710000US4217516,ZCTA5,17516, Pennsylvania,4496
8710000US4217517,ZCTA5,17517, Pennsylvania,15391
8710000US4217518,ZCTA5,17518, Pennsylvania,1355
8710000US4217519,ZCTA5,17519, Pennsylvania,6824
8710000US4217520,ZCTA5,17520, Pennsylvania,4686
8710000US4217522,ZCTA5,17522, Pennsylvania,32483
8710000US4217527,ZCTA5,17527, Pennsylvania,6080
8710000US4217529,ZCTA5,17529, Pennsylvania,4317
8710000US4217532,ZCTA5,17532, Pennsylvania,3381
8710000US4217535,ZCTA5,17535, Pennsylvania,2458
8710000US4217536,ZCTA5,17536, Pennsylvania,2839
8710000US4217538,ZCTA5,17538, Pennsylvania,6045
8710000US4217540,ZCTA5,17540, Pennsylvania,9791
8710000US4217543,ZCTA5,17543, Pennsylvania,42626
8710000US4217545,ZCTA5,17545, Pennsylvania,21256
8710000US4217547,ZCTA5,17547, Pennsylvania,7378
8710000US4217550,ZCTA5,17550, Pennsylvania,790
8710000US4217551,ZCTA5,17551, Pennsylvania,10857
8710000US4217552,ZCTA5,17552, Pennsylvania,17831
8710000US4217554,ZCTA5,17554, Pennsylvania,7525
8710000US4217565,ZCTA5,17565, Pennsylvania,2537
8710000US4217555,ZCTA5,17555, Pennsylvania,7525
8710000US4217557,ZCTA5,17557, Pennsylvania,13811
8710000US4217560,ZCTA5,17560, Pennsylvania,5118
8710000US4217562,ZCTA5,17562, Pennsylvania,4464
8710000US4217563,ZCTA5,17563, Pennsylvania,3849
8710000US4217566,ZCTA5,17566, Pennsylvania,12019
8710000US4217569,ZCTA5,17569, Pennsylvania,5448
8710000US4217570,ZCTA5,17570, Pennsylvania,291
8710000US4217572,ZCTA5,17572, Pennsylvania,3859
8710000US4217576,ZCTA5,17576, Pennsylvania,129
8710000US4217578,ZCTA5,17578, Pennsylvania,7485
8710000US4217579,ZCTA5,17579, Pennsylvania,5935
8710000US4217581,ZCTA5,17581, Pennsylvania,951
8710000US4217582,ZCTA5,17582, Pennsylvania,2026
8710000US4218091,ZCTA5,18091, Pennsylvania,5926
8710000US4218092,ZCTA5,18092, Pennsylvania,3223
8710000US4218101,ZCTA5,18101, Pennsylvania,3897
8710000US4218102,ZCTA5,18102, Pennsylvania,49779
8710000US4218103,ZCTA5,18103, Pennsylvania,45336
8710000US4218104,ZCTA5,18104, Pennsylvania,43236
8710000US4218195,ZCTA5,18195, Pennsylvania,0
8710000US4218105,ZCTA5,18105, Pennsylvania,12
8710000US4218106,ZCTA5,18106, Pennsylvania,6889
8710000US4218109,ZCTA5,18109, Pennsylvania,16932
8710000US4218201,ZCTA5,18201, Pennsylvania,27516
8710000US4218202,ZCTA5,18202, Pennsylvania,12083
8710000US4218210,ZCTA5,18210, Pennsylvania,8258
8710000US4218211,ZCTA5,18211, Pennsylvania,1304
8710000US4218212,ZCTA5,18212, Pennsylvania,131
8710000US4218214,ZCTA5,18214, Pennsylvania,2078
8710000US4218216,ZCTA5,18216, Pennsylvania,1067
8710000US4218221,ZCTA5,18221, Pennsylvania,389
8710000US4218218,ZCTA5,18218, Pennsylvania,2281
8710000US4218219,ZCTA5,18219, Pennsylvania,1436
8710000US4218220,ZCTA5,18220, Pennsylvania,344
8710000US4218222,ZCTA5,18222, Pennsylvania,9020
8710000US4218223,ZCTA5,18223, Pennsylvania,115
8710000US4218224,ZCTA5,18224, Pennsylvania,6017
8710000US4218225,ZCTA5,18225, Pennsylvania,114
8710000US4218229,ZCTA5,18229, Pennsylvania,8498
8710000US4218230,ZCTA5,18230, Pennsylvania,132
8710000US4218231,ZCTA5,18231, Pennsylvania,535
8710000US4218232,ZCTA5,18232, Pennsylvania,3941
8710000US4218234,ZCTA5,18234, Pennsylvania,401
8710000US4218235,ZCTA5,18235, Pennsylvania,19353
8710000US4218237,ZCTA5,18237, Pennsylvania,3110
8710000US4218239,ZCTA5,18239, Pennsylvania,232
8710000US4218240,ZCTA5,18240, Pennsylvania,3891
8710000US4218241,ZCTA5,18241, Pennsylvania,646
8710000US4218242,ZCTA5,18242, Pennsylvania,235
8710000US4218244,ZCTA5,18244, Pennsylvania,402
8710000US4218245,ZCTA5,18245, Pennsylvania,348
8710000US4218246,ZCTA5,18246, Pennsylvania,143
8710000US4218248,ZCTA5,18248, Pennsylvania,631
8710000US4218249,ZCTA5,18249, Pennsylvania,4129
8710000US4218250,ZCTA5,18250, Pennsylvania,3034
8710000US4218251,ZCTA5,18251, Pennsylvania,46
8710000US4218252,ZCTA5,18252, Pennsylvania,11188
8710000US4218254,ZCTA5,18254, Pennsylvania,871
8710000US4218255,ZCTA5,18255, Pennsylvania,4337
8710000US4218256,ZCTA5,18256, Pennsylvania,359
8710000US4218322,ZCTA5,18322, Pennsylvania,2781
8710000US4218301,ZCTA5,18301, Pennsylvania,28561
8710000US4218302,ZCTA5,18302, Pennsylvania,17362
8710000US4218321,ZCTA5,18321, Pennsylvania,1711
8710000US4218323,ZCTA5,18323, Pennsylvania,275
8710000US4218324,ZCTA5,18324, Pennsylvania,9714
8710000US4216411,ZCTA5,16411, Pennsylvania,1477
8710000US4216421,ZCTA5,16421, Pennsylvania,2518
8710000US4216412,ZCTA5,16412, Pennsylvania,10480
8710000US4216415,ZCTA5,16415, Pennsylvania,8916
8710000US4216416,ZCTA5,16416, Pennsylvania,203
8710000US4216417,ZCTA5,16417, Pennsylvania,8329
8710000US4216420,ZCTA5,16420, Pennsylvania,650
8710000US4216422,ZCTA5,16422, Pennsylvania,401
8710000US4216423,ZCTA5,16423, Pennsylvania,4450
8710000US4216424,ZCTA5,16424, Pennsylvania,4676
8710000US4216426,ZCTA5,16426, Pennsylvania,3730
8710000US4216427,ZCTA5,16427, Pennsylvania,193
8710000US4216428,ZCTA5,16428, Pennsylvania,12478
8710000US4216433,ZCTA5,16433, Pennsylvania,5384
8710000US4219057,ZCTA5,19057, Pennsylvania,17191
8710000US4219060,ZCTA5,19060, Pennsylvania,11368
8710000US4219061,ZCTA5,19061, Pennsylvania,19997
8710000US4219063,ZCTA5,19063, Pennsylvania,35704
8710000US4219064,ZCTA5,19064, Pennsylvania,24459
8710000US4219066,ZCTA5,19066, Pennsylvania,5864
8710000US4219067,ZCTA5,19067, Pennsylvania,51334
8710000US4219070,ZCTA5,19070, Pennsylvania,7277
8710000US4219072,ZCTA5,19072, Pennsylvania,9539
8710000US4219073,ZCTA5,19073, Pennsylvania,18332
8710000US4219074,ZCTA5,19074, Pennsylvania,5890
8710000US4219075,ZCTA5,19075, Pennsylvania,7354
8710000US4219076,ZCTA5,19076, Pennsylvania,6525
8710000US4219078,ZCTA5,19078, Pennsylvania,11067
8710000US4219079,ZCTA5,19079, Pennsylvania,9168
8710000US4219081,ZCTA5,19081, Pennsylvania,10337
8710000US4219082,ZCTA5,19082, Pennsylvania,40997
8710000US4219083,ZCTA5,19083, Pennsylvania,35878
8710000US4219085,ZCTA5,19085, Pennsylvania,8932
8710000US4219086,ZCTA5,19086, Pennsylvania,11420
8710000US4219087,ZCTA5,19087, Pennsylvania,32225
8710000US4219090,ZCTA5,19090, Pennsylvania,18832
8710000US4219094,ZCTA5,19094, Pennsylvania,4406
8710000US4219095,ZCTA5,19095, Pennsylvania,7063
8710000US4219096,ZCTA5,19096, Pennsylvania,13572
8710000US4219102,ZCTA5,19102, Pennsylvania,4705
8710000US4219103,ZCTA5,19103, Pennsylvania,21908
8710000US4219104,ZCTA5,19104, Pennsylvania,51808
8710000US4219106,ZCTA5,19106, Pennsylvania,11740
8710000US4219107,ZCTA5,19107, Pennsylvania,14875
8710000US4219109,ZCTA5,19109, Pennsylvania,0
8710000US4219111,ZCTA5,19111, Pennsylvania,63090
8710000US4219112,ZCTA5,19112, Pennsylvania,13
8710000US4219113,ZCTA5,19113, Pennsylvania,120
8710000US4219114,ZCTA5,19114, Pennsylvania,30907
8710000US4219115,ZCTA5,19115, Pennsylvania,33207
8710000US4219116,ZCTA5,19116, Pennsylvania,33112
8710000US4219118,ZCTA5,19118, Pennsylvania,9808
8710000US4219119,ZCTA5,19119, Pennsylvania,27035
8710000US4219120,ZCTA5,19120, Pennsylvania,68104
8710000US4219121,ZCTA5,19121, Pennsylvania,36572
8710000US4219122,ZCTA5,19122, Pennsylvania,21653
8710000US4219123,ZCTA5,19123, Pennsylvania,13416
8710000US4219124,ZCTA5,19124, Pennsylvania,66691
8710000US4219125,ZCTA5,19125, Pennsylvania,22958
8710000US4219126,ZCTA5,19126, Pennsylvania,15758
8710000US4219127,ZCTA5,19127, Pennsylvania,5913
8710000US4219128,ZCTA5,19128, Pennsylvania,35239
8710000US4219129,ZCTA5,19129, Pennsylvania,10975
8710000US4219130,ZCTA5,19130, Pennsylvania,24870
8710000US4219131,ZCTA5,19131, Pennsylvania,43172
8710000US4219132,ZCTA5,19132, Pennsylvania,36268
8710000US4219133,ZCTA5,19133, Pennsylvania,26063
8710000US4219134,ZCTA5,19134, Pennsylvania,60675
8710000US4219135,ZCTA5,19135, Pennsylvania,33091
8710000US4219136,ZCTA5,19136, Pennsylvania,40647
8710000US4219137,ZCTA5,19137, Pennsylvania,8638
8710000US4219138,ZCTA5,19138, Pennsylvania,32273
8710000US4219139,ZCTA5,19139, Pennsylvania,41271
8710000US4219140,ZCTA5,19140, Pennsylvania,54133
8710000US4219141,ZCTA5,19141, Pennsylvania,31376
8710000US4219142,ZCTA5,19142, Pennsylvania,29595
8710000US4216665,ZCTA5,16665, Pennsylvania,299
8710000US4216667,ZCTA5,16667, Pennsylvania,1392
8710000US4216668,ZCTA5,16668, Pennsylvania,3569
8710000US4216669,ZCTA5,16669, Pennsylvania,2351
8710000US4216670,ZCTA5,16670, Pennsylvania,47
8710000US4216671,ZCTA5,16671, Pennsylvania,505
8710000US4216672,ZCTA5,16672, Pennsylvania,187
8710000US4215824,ZCTA5,15824, Pennsylvania,5407
8710000US4215825,ZCTA5,15825, Pennsylvania,9562
8710000US4215827,ZCTA5,15827, Pennsylvania,231
8710000US4215828,ZCTA5,15828, Pennsylvania,286
8710000US4215829,ZCTA5,15829, Pennsylvania,1274
8710000US4215832,ZCTA5,15832, Pennsylvania,328
8710000US4215834,ZCTA5,15834, Pennsylvania,4533
8710000US4215840,ZCTA5,15840, Pennsylvania,1993
8710000US4215841,ZCTA5,15841, Pennsylvania,389
8710000US4215845,ZCTA5,15845, Pennsylvania,3197
8710000US4215846,ZCTA5,15846, Pennsylvania,3636
8710000US4215847,ZCTA5,15847, Pennsylvania,255
8710000US4215848,ZCTA5,15848, Pennsylvania,1027
8710000US4215849,ZCTA5,15849, Pennsylvania,1399
8710000US4215851,ZCTA5,15851, Pennsylvania,6671
8710000US4215853,ZCTA5,15853, Pennsylvania,6578
8710000US4215856,ZCTA5,15856, Pennsylvania,889
8710000US4215857,ZCTA5,15857, Pennsylvania,13212
8710000US4215860,ZCTA5,15860, Pennsylvania,1065
8710000US4215861,ZCTA5,15861, Pennsylvania,174
8710000US4215864,ZCTA5,15864, Pennsylvania,1845
8710000US4215868,ZCTA5,15868, Pennsylvania,1350
8710000US4215863,ZCTA5,15863, Pennsylvania,225
8710000US4215865,ZCTA5,15865, Pennsylvania,1295
8710000US4215866,ZCTA5,15866, Pennsylvania,261
8710000US4215870,ZCTA5,15870, Pennsylvania,1326
8710000US4215901,ZCTA5,15901, Pennsylvania,4190
8710000US4215902,ZCTA5,15902, Pennsylvania,12513
8710000US4215904,ZCTA5,15904, Pennsylvania,16608
8710000US4215905,ZCTA5,15905, Pennsylvania,21226
8710000US4215906,ZCTA5,15906, Pennsylvania,11144
8710000US4215909,ZCTA5,15909, Pennsylvania,5611
8710000US4215920,ZCTA5,15920, Pennsylvania,922
8710000US4216673,ZCTA5,16673, Pennsylvania,5519
8710000US4216674,ZCTA5,16674, Pennsylvania,736
8710000US4216677,ZCTA5,16677, Pennsylvania,481
8710000US4216678,ZCTA5,16678, Pennsylvania,2689
8710000US4216679,ZCTA5,16679, Pennsylvania,844
8710000US4216680,ZCTA5,16680, Pennsylvania,427
8710000US4216682,ZCTA5,16682, Pennsylvania,117
8710000US4216683,ZCTA5,16683, Pennsylvania,383
8710000US4216685,ZCTA5,16685, Pennsylvania,249
8710000US4216686,ZCTA5,16686, Pennsylvania,13488
8710000US4216689,ZCTA5,16689, Pennsylvania,462
8710000US4216691,ZCTA5,16691, Pennsylvania,314
8710000US4216692,ZCTA5,16692, Pennsylvania,753
8710000US4216693,ZCTA5,16693, Pennsylvania,4185
8710000US4216694,ZCTA5,16694, Pennsylvania,254
8710000US4216695,ZCTA5,16695, Pennsylvania,1198
8710000US4216699,ZCTA5,16699, Pennsylvania,1469
8710000US4216701,ZCTA5,16701, Pennsylvania,17980
8710000US4216720,ZCTA5,16720, Pennsylvania,1392
8710000US4216724,ZCTA5,16724, Pennsylvania,143
8710000US4216725,ZCTA5,16725, Pennsylvania,166
8710000US4216726,ZCTA5,16726, Pennsylvania,542
8710000US4216727,ZCTA5,16727, Pennsylvania,211
8710000US4216728,ZCTA5,16728, Pennsylvania,25
8710000US4216729,ZCTA5,16729, Pennsylvania,761
8710000US4216730,ZCTA5,16730, Pennsylvania,121
8710000US4216731,ZCTA5,16731, Pennsylvania,2818
8710000US4216732,ZCTA5,16732, Pennsylvania,293
8710000US4216733,ZCTA5,16733, Pennsylvania,222
8710000US4216734,ZCTA5,16734, Pennsylvania,287
8710000US4216735,ZCTA5,16735, Pennsylvania,6309
8710000US4216738,ZCTA5,16738, Pennsylvania,2679
8710000US4216740,ZCTA5,16740, Pennsylvania,1032
8710000US4216743,ZCTA5,16743, Pennsylvania,3942
8710000US4216748,ZCTA5,16748, Pennsylvania,2997
8710000US4216744,ZCTA5,16744, Pennsylvania,332
8710000US4216745,ZCTA5,16745, Pennsylvania,611
8710000US4216746,ZCTA5,16746, Pennsylvania,1265
8710000US4216749,ZCTA5,16749, Pennsylvania,4319
8710000US4216750,ZCTA5,16750, Pennsylvania,417
8710000US4216801,ZCTA5,16801, Pennsylvania,42812
8710000US4216802,ZCTA5,16802, Pennsylvania,12764
8710000US4216803,ZCTA5,16803, Pennsylvania,23685
8710000US4216820,ZCTA5,16820, Pennsylvania,1217
8710000US4216821,ZCTA5,16821, Pennsylvania,318
8710000US4216822,ZCTA5,16822, Pennsylvania,2283
8710000US4216823,ZCTA5,16823, Pennsylvania,26617
8710000US4216825,ZCTA5,16825, Pennsylvania,240
8710000US4216826,ZCTA5,16826, Pennsylvania,616
8710000US4216827,ZCTA5,16827, Pennsylvania,3991
8710000US4216828,ZCTA5,16828, Pennsylvania,4478
8710000US4216829,ZCTA5,16829, Pennsylvania,666
8710000US4216830,ZCTA5,16830, Pennsylvania,13695
8710000US4216832,ZCTA5,16832, Pennsylvania,510
8710000US4216833,ZCTA5,16833, Pennsylvania,5342
8710000US4219454,ZCTA5,19454, Pennsylvania,27870
8710000US4219456,ZCTA5,19456, Pennsylvania,737
8710000US4219457,ZCTA5,19457, Pennsylvania,125
8710000US4219460,ZCTA5,19460, Pennsylvania,40154
8710000US4219462,ZCTA5,19462, Pennsylvania,14658
8710000US4219464,ZCTA5,19464, Pennsylvania,45788
8710000US4219465,ZCTA5,19465, Pennsylvania,17038
8710000US4219468,ZCTA5,19468, Pennsylvania,25536
8710000US4219472,ZCTA5,19472, Pennsylvania,74
8710000US4215921,ZCTA5,15921, Pennsylvania,176
8710000US4215922,ZCTA5,15922, Pennsylvania,177
8710000US4215923,ZCTA5,15923, Pennsylvania,1770
8710000US4215924,ZCTA5,15924, Pennsylvania,1034
8710000US4215925,ZCTA5,15925, Pennsylvania,147
8710000US4215926,ZCTA5,15926, Pennsylvania,2676
8710000US4215927,ZCTA5,15927, Pennsylvania,1176
8710000US4215928,ZCTA5,15928, Pennsylvania,1974
8710000US4215929,ZCTA5,15929, Pennsylvania,75
8710000US4215930,ZCTA5,15930, Pennsylvania,241
8710000US4215931,ZCTA5,15931, Pennsylvania,9148
8710000US4215934,ZCTA5,15934, Pennsylvania,218
8710000US4215935,ZCTA5,15935, Pennsylvania,2620
8710000US4215936,ZCTA5,15936, Pennsylvania,1620
8710000US4215937,ZCTA5,15937, Pennsylvania,779
8710000US4215938,ZCTA5,15938, Pennsylvania,2583
8710000US4215940,ZCTA5,15940, Pennsylvania,3992
8710000US4215942,ZCTA5,15942, Pennsylvania,2079
8710000US4215943,ZCTA5,15943, Pennsylvania,3942
8710000US4215944,ZCTA5,15944, Pennsylvania,3472
8710000US4215945,ZCTA5,15945, Pennsylvania,198
8710000US4215946,ZCTA5,15946, Pennsylvania,7093
8710000US4215948,ZCTA5,15948, Pennsylvania,550
8710000US4215949,ZCTA5,15949, Pennsylvania,672
8710000US4215951,ZCTA5,15951, Pennsylvania,453
8710000US4215952,ZCTA5,15952, Pennsylvania,1413
8710000US4215953,ZCTA5,15953, Pennsylvania,83
8710000US4215954,ZCTA5,15954, Pennsylvania,2413
8710000US4215955,ZCTA5,15955, Pennsylvania,2551
8710000US4218451,ZCTA5,18451, Pennsylvania,448
8710000US4218452,ZCTA5,18452, Pennsylvania,4802
8710000US4218453,ZCTA5,18453, Pennsylvania,1104
8710000US4218454,ZCTA5,18454, Pennsylvania,64
8710000US4218455,ZCTA5,18455, Pennsylvania,105
8710000US4218456,ZCTA5,18456, Pennsylvania,423
8710000US4218457,ZCTA5,18457, Pennsylvania,82
8710000US4218458,ZCTA5,18458, Pennsylvania,3017
8710000US4218459,ZCTA5,18459, Pennsylvania,51
8710000US4218460,ZCTA5,18460, Pennsylvania,184
8710000US4218461,ZCTA5,18461, Pennsylvania,404
8710000US4218464,ZCTA5,18464, Pennsylvania,1193
8710000US4218462,ZCTA5,18462, Pennsylvania,427
8710000US4218463,ZCTA5,18463, Pennsylvania,199
8710000US4218470,ZCTA5,18470, Pennsylvania,2226
8710000US4218465,ZCTA5,18465, Pennsylvania,1340
8710000US4218466,ZCTA5,18466, Pennsylvania,16681
8710000US4218469,ZCTA5,18469, Pennsylvania,357
8710000US4218471,ZCTA5,18471, Pennsylvania,685
8710000US4218472,ZCTA5,18472, Pennsylvania,7521
8710000US4218473,ZCTA5,18473, Pennsylvania,495
8710000US4218503,ZCTA5,18503, Pennsylvania,1182
8710000US4218504,ZCTA5,18504, Pennsylvania,21265
8710000US4218505,ZCTA5,18505, Pennsylvania,20586
8710000US4218507,ZCTA5,18507, Pennsylvania,4891
8710000US4218508,ZCTA5,18508, Pennsylvania,12292
8710000US4218509,ZCTA5,18509, Pennsylvania,13589
8710000US4218510,ZCTA5,18510, Pennsylvania,14119
8710000US4218512,ZCTA5,18512, Pennsylvania,12218
8710000US4218517,ZCTA5,18517, Pennsylvania,5274
8710000US4218518,ZCTA5,18518, Pennsylvania,8313
8710000US4218519,ZCTA5,18519, Pennsylvania,5104
8710000US4218602,ZCTA5,18602, Pennsylvania,257
8710000US4218603,ZCTA5,18603, Pennsylvania,19320
8710000US4218610,ZCTA5,18610, Pennsylvania,5008
8710000US4219473,ZCTA5,19473, Pennsylvania,15726
8710000US4219474,ZCTA5,19474, Pennsylvania,733
8710000US4219475,ZCTA5,19475, Pennsylvania,11283
8710000US4219477,ZCTA5,19477, Pennsylvania,146
8710000US4219492,ZCTA5,19492, Pennsylvania,717
8710000US4219501,ZCTA5,19501, Pennsylvania,1047
8710000US4219503,ZCTA5,19503, Pennsylvania,1142
8710000US4219504,ZCTA5,19504, Pennsylvania,4998
8710000US4219505,ZCTA5,19505, Pennsylvania,3226
8710000US4219506,ZCTA5,19506, Pennsylvania,7356
8710000US4219507,ZCTA5,19507, Pennsylvania,3280
8710000US4219508,ZCTA5,19508, Pennsylvania,15725
8710000US4219510,ZCTA5,19510, Pennsylvania,7639
8710000US4219511,ZCTA5,19511, Pennsylvania,215
8710000US4219512,ZCTA5,19512, Pennsylvania,16954
8710000US4219518,ZCTA5,19518, Pennsylvania,14734
8710000US4219519,ZCTA5,19519, Pennsylvania,101
8710000US4219520,ZCTA5,19520, Pennsylvania,5465
8710000US4219522,ZCTA5,19522, Pennsylvania,14229
8710000US4219523,ZCTA5,19523, Pennsylvania,250
8710000US4219525,ZCTA5,19525, Pennsylvania,14107
8710000US4219526,ZCTA5,19526, Pennsylvania,11039
8710000US4219529,ZCTA5,19529, Pennsylvania,3131
8710000US4219530,ZCTA5,19530, Pennsylvania,16432
8710000US4219533,ZCTA5,19533, Pennsylvania,7686
8710000US4219534,ZCTA5,19534, Pennsylvania,2041
8710000US4219535,ZCTA5,19535, Pennsylvania,23
8710000US4219536,ZCTA5,19536, Pennsylvania,490
8710000US4219538,ZCTA5,19538, Pennsylvania,64
8710000US4219539,ZCTA5,19539, Pennsylvania,4597
8710000US4219540,ZCTA5,19540, Pennsylvania,11723
8710000US4219541,ZCTA5,19541, Pennsylvania,4403
8710000US4219542,ZCTA5,19542, Pennsylvania,67
8710000US4219543,ZCTA5,19543, Pennsylvania,5905
8710000US4219544,ZCTA5,19544, Pennsylvania,196
8710000US4219545,ZCTA5,19545, Pennsylvania,428
8710000US4219547,ZCTA5,19547, Pennsylvania,4222
8710000US4219549,ZCTA5,19549, Pennsylvania,326
8710000US4219550,ZCTA5,19550, Pennsylvania,641
8710000US4219551,ZCTA5,19551, Pennsylvania,5034
8710000US4219554,ZCTA5,19554, Pennsylvania,374
8710000US4219555,ZCTA5,19555, Pennsylvania,3406
8710000US4219559,ZCTA5,19559, Pennsylvania,362
8710000US4219560,ZCTA5,19560, Pennsylvania,7805
8710000US4219562,ZCTA5,19562, Pennsylvania,2622
8710000US4219564,ZCTA5,19564, Pennsylvania,90
8710000US4219565,ZCTA5,19565, Pennsylvania,8531
8710000US4219567,ZCTA5,19567, Pennsylvania,5388
8710000US4219601,ZCTA5,19601, Pennsylvania,32998
8710000US4219602,ZCTA5,19602, Pennsylvania,17900
8710000US4219604,ZCTA5,19604, Pennsylvania,27658
8710000US4219605,ZCTA5,19605, Pennsylvania,18985
8710000US4219606,ZCTA5,19606, Pennsylvania,34416
